avg_rss12,var_rss12,avg_rss13,var_rss13,avg_rss23,var_rss23,activity
39.25,0.43,22.75,0.43,33.75,1.3,bending1
39.25,0.43,23.0,0.0,33.0,0.0,bending1
39.25,0.43,23.25,0.43,33.0,0.0,bending1
39.5,0.5,23.0,0.71,33.0,0.0,bending1
39.5,0.5,24.0,0.0,33.0,0.0,bending1
39.25,0.43,24.0,0.0,33.0,0.0,bending1
39.25,0.43,24.0,0.0,33.0,0.0,bending1
39.0,0.0,23.75,0.43,33.0,0.0,bending1
39.5,0.5,24.0,0.0,33.0,0.0,bending1
39.5,0.5,23.0,0.0,33.0,0.0,bending1
39.5,0.5,23.25,0.43,33.0,0.0,bending1
39.5,0.5,23.5,0.5,32.75,0.43,bending1
39.5,0.5,23.75,0.43,32.5,0.5,bending1
39.67,0.47,23.75,0.43,33.0,0.0,bending1
39.5,0.5,24.0,0.0,33.0,0.0,bending1
39.5,0.5,23.25,0.43,33.0,0.0,bending1
39.5,0.5,22.5,0.5,33.0,0.0,bending1
39.5,0.5,22.0,0.71,33.0,0.0,bending1
40.25,0.83,21.0,0.0,33.0,0.0,bending1
40.5,0.5,18.67,1.7,33.0,0.0,bending1
40.67,0.47,15.5,0.87,33.0,0.0,bending1
40.5,0.5,15.0,0.0,33.0,0.0,bending1
40.5,0.5,15.0,0.0,33.0,0.0,bending1
40.33,0.47,16.0,0.0,33.0,0.0,bending1
40.5,0.5,16.0,0.71,33.0,0.0,bending1
40.5,0.5,16.5,0.87,33.0,0.0,bending1
40.5,0.5,17.5,0.87,33.0,0.0,bending1
40.5,0.5,19.75,1.09,33.75,1.3,bending1
40.75,0.83,21.0,0.0,33.0,0.0,bending1
40.75,0.83,21.0,0.0,33.0,0.0,bending1
41.0,1.0,20.75,0.43,33.75,1.3,bending1
41.0,1.0,19.67,0.47,34.0,1.41,bending1
40.75,0.83,19.25,0.43,33.75,1.3,bending1
40.67,0.47,19.75,0.43,34.0,1.41,bending1
41.0,0.82,19.0,0.71,35.0,1.41,bending1
41.0,0.89,17.75,1.09,34.2,1.47,bending1
41.5,0.5,18.0,0.0,33.0,0.0,bending1
41.67,0.47,19.5,0.5,33.75,1.3,bending1
41.25,0.83,20.25,0.43,34.25,1.3,bending1
41.0,0.82,20.33,0.47,33.75,1.3,bending1
41.5,0.5,21.0,0.0,33.75,1.3,bending1
41.5,0.5,19.25,1.3,33.0,0.0,bending1
41.5,0.5,17.75,0.83,34.5,1.5,bending1
41.5,0.5,19.0,0.71,35.25,1.3,bending1
41.5,0.5,15.5,2.18,33.0,0.0,bending1
41.75,0.43,15.0,0.0,33.5,0.87,bending1
41.75,0.43,14.75,0.43,33.0,0.0,bending1
41.75,0.43,11.75,0.43,33.75,1.3,bending1
41.75,0.43,13.75,1.09,34.5,1.5,bending1
41.5,0.5,13.5,1.5,33.75,1.3,bending1
41.5,0.5,13.33,1.25,33.0,0.0,bending1
41.5,0.5,16.25,1.3,33.0,0.0,bending1
41.75,0.43,17.75,0.43,32.5,0.5,bending1
41.75,0.43,16.0,0.71,33.0,0.0,bending1
42.0,0.0,15.0,1.0,33.0,0.0,bending1
42.0,0.0,13.5,1.12,33.0,0.0,bending1
41.75,0.43,13.0,1.22,33.0,0.0,bending1
41.75,0.43,13.25,1.09,33.0,0.0,bending1
41.5,0.5,12.25,0.43,33.0,0.0,bending1
41.67,0.47,13.0,1.0,33.0,0.0,bending1
41.5,0.5,12.5,0.87,33.0,0.0,bending1
41.5,0.5,14.5,0.5,32.75,0.43,bending1
41.33,0.47,14.67,2.49,33.75,1.3,bending1
41.5,0.5,17.5,1.5,33.0,0.0,bending1
41.5,0.5,16.5,1.12,33.75,1.3,bending1
41.75,0.43,15.25,1.09,33.0,0.0,bending1
42.0,0.0,15.75,0.83,33.0,0.0,bending1
41.75,0.43,15.75,0.43,33.0,0.0,bending1
42.0,0.0,15.0,0.0,33.0,0.0,bending1
41.75,0.43,15.33,0.47,33.0,0.0,bending1
42.0,0.0,4.0,0.0,33.0,0.0,bending1
41.75,0.43,9.5,1.8,33.0,0.0,bending1
42.0,0.0,10.67,0.47,33.0,0.0,bending1
41.5,0.5,13.0,1.0,33.75,1.3,bending1
41.5,0.5,9.0,2.16,33.0,0.0,bending1
41.75,0.43,13.5,0.87,33.0,0.0,bending1
42.0,0.0,13.5,7.23,33.0,0.0,bending1
41.75,0.43,10.0,3.08,33.0,0.0,bending1
41.67,0.47,16.33,2.62,33.75,1.3,bending1
42.0,0.0,13.5,0.87,33.0,0.0,bending1
41.75,0.43,13.0,0.71,33.0,0.0,bending1
42.0,0.0,9.25,2.68,33.0,0.0,bending1
42.0,0.0,13.75,2.17,33.0,0.0,bending1
42.0,0.0,18.0,1.22,33.75,1.3,bending1
42.0,0.0,18.25,0.43,35.25,1.3,bending1
42.0,0.0,18.0,0.0,36.0,0.0,bending1
42.0,0.0,17.0,0.82,36.0,0.0,bending1
42.0,0.0,16.0,0.71,33.75,1.3,bending1
42.0,0.0,16.5,1.12,35.0,1.41,bending1
42.0,0.0,15.75,0.83,33.75,1.3,bending1
42.0,0.0,18.0,0.0,33.75,1.3,bending1
42.0,0.0,18.0,0.0,34.75,1.09,bending1
42.0,0.0,18.0,0.0,35.0,1.22,bending1
42.0,0.0,18.0,0.0,34.5,1.5,bending1
42.0,0.0,18.0,0.0,33.67,0.94,bending1
42.0,0.0,19.5,0.5,35.25,1.3,bending1
42.0,0.0,18.0,0.0,35.75,0.43,bending1
42.0,0.0,18.0,0.0,35.0,1.41,bending1
42.0,0.0,18.0,0.0,35.0,1.41,bending1
42.0,0.0,18.0,0.0,35.25,1.3,bending1
42.0,0.0,18.0,0.0,36.0,0.0,bending1
42.0,0.0,18.75,0.83,35.25,1.3,bending1
42.0,0.0,20.25,0.43,35.0,1.22,bending1
42.0,0.0,20.25,0.43,34.25,1.3,bending1
42.0,0.0,19.5,0.5,35.75,0.43,bending1
42.0,0.0,18.75,0.43,35.0,1.22,bending1
42.0,0.0,18.0,0.0,35.0,1.41,bending1
42.0,0.0,18.0,0.0,34.0,1.41,bending1
42.0,0.0,18.0,0.0,35.25,1.3,bending1
42.0,0.0,18.0,0.0,35.25,1.3,bending1
42.0,0.0,18.0,0.0,35.25,1.3,bending1
42.0,0.0,17.75,0.43,36.0,0.0,bending1
42.33,0.47,17.5,0.5,35.0,1.41,bending1
42.0,0.0,17.67,0.47,36.0,0.0,bending1
42.0,0.0,18.0,0.0,35.25,1.3,bending1
42.0,0.0,18.0,0.0,34.5,1.5,bending1
42.0,0.0,19.0,0.71,33.75,1.3,bending1
42.0,0.0,20.0,0.0,33.75,1.3,bending1
42.0,0.0,20.0,0.71,35.0,1.22,bending1
42.0,0.0,19.0,0.0,33.67,0.94,bending1
42.0,0.0,20.4,0.8,35.4,1.2,bending1
42.0,0.0,21.0,0.0,36.0,0.0,bending1
42.0,0.0,20.6,0.49,35.4,1.2,bending1
42.0,0.0,19.33,0.47,34.0,1.41,bending1
42.0,0.0,19.5,0.5,35.75,0.43,bending1
42.0,0.0,19.75,0.43,35.0,1.41,bending1
42.0,0.0,19.5,0.5,34.5,1.5,bending1
42.0,0.0,20.5,0.5,33.75,1.3,bending1
42.0,0.0,20.67,0.47,34.5,1.5,bending1
42.0,0.0,20.25,0.43,34.5,1.5,bending1
42.0,0.0,20.0,0.0,35.25,1.3,bending1
42.0,0.0,19.75,0.43,33.75,1.3,bending1
42.0,0.0,19.25,0.43,35.25,1.3,bending1
42.0,0.0,19.0,0.0,36.0,0.0,bending1
42.0,0.0,18.5,0.5,35.25,1.3,bending1
42.0,0.0,18.75,0.43,35.25,1.3,bending1
42.0,0.0,20.0,0.0,36.0,0.0,bending1
42.0,0.0,20.33,0.47,35.33,0.94,bending1
42.0,0.0,21.0,0.0,35.0,1.41,bending1
42.0,0.0,21.0,0.0,35.0,1.22,bending1
42.0,0.0,21.0,0.0,34.5,1.5,bending1
42.0,0.0,21.0,0.0,35.25,1.3,bending1
42.0,0.0,20.5,0.5,35.0,1.41,bending1
42.0,0.0,21.0,0.0,36.0,0.0,bending1
42.0,0.0,20.5,0.5,36.0,0.0,bending1
42.0,0.0,20.25,0.43,34.75,1.3,bending1
42.0,0.0,19.75,0.43,36.0,0.0,bending1
42.0,0.0,19.5,0.5,35.25,1.3,bending1
42.0,0.0,19.75,0.43,36.0,0.0,bending1
42.0,0.0,19.5,0.5,35.25,1.3,bending1
42.0,0.0,20.0,0.71,36.0,0.0,bending1
42.0,0.0,20.0,0.0,36.0,0.0,bending1
42.0,0.0,19.33,0.47,35.0,1.41,bending1
42.0,0.0,21.0,0.0,33.0,0.0,bending1
41.0,1.22,22.5,1.12,33.5,0.87,bending1
39.0,0.82,24.0,0.0,33.0,0.0,bending1
39.0,0.0,24.0,0.0,33.0,0.0,bending1
39.0,0.0,24.0,0.0,33.0,0.0,bending1
39.0,0.0,24.0,0.0,35.75,0.43,bending1
38.75,0.43,24.0,0.0,35.25,1.3,bending1
38.75,0.43,24.0,0.0,35.25,1.3,bending1
38.5,0.5,24.0,0.0,33.75,1.3,bending1
38.5,0.5,24.0,0.0,33.75,1.3,bending1
38.0,1.0,24.0,0.0,33.0,0.0,bending1
38.25,0.83,24.0,0.0,34.0,1.41,bending1
38.5,0.5,24.0,0.0,34.0,1.41,bending1
38.5,0.5,24.0,0.0,36.0,0.0,bending1
38.67,0.47,24.0,0.0,35.0,1.41,bending1
38.75,0.43,24.0,0.0,36.0,0.0,bending1
38.5,0.5,24.75,0.43,35.25,1.3,bending1
38.33,0.47,25.67,0.94,33.0,0.0,bending1
38.75,0.43,24.0,0.0,33.75,1.3,bending1
39.0,0.0,19.25,1.64,36.0,0.0,bending1
39.0,0.0,17.75,0.43,35.25,1.3,bending1
39.5,0.5,15.25,1.79,36.0,0.0,bending1
41.25,0.43,15.0,0.71,36.0,0.0,bending1
41.75,0.43,16.0,0.0,36.0,0.0,bending1
41.25,0.83,14.75,0.43,36.0,0.0,bending1
41.5,0.5,14.25,0.43,36.0,0.0,bending1
41.25,0.83,15.5,0.5,35.25,0.83,bending1
41.25,0.83,16.0,0.0,34.5,1.5,bending1
41.0,1.0,16.0,0.0,35.25,1.3,bending1
41.5,0.5,15.25,0.43,36.0,0.0,bending1
41.25,0.83,16.0,0.0,36.0,0.0,bending1
41.0,1.0,16.0,0.0,36.0,0.0,bending1
40.5,0.5,16.0,0.0,36.0,0.0,bending1
41.0,1.0,16.0,0.0,36.0,0.0,bending1
40.67,0.47,16.0,0.0,36.0,0.0,bending1
40.5,0.5,16.0,0.0,36.0,0.0,bending1
40.75,0.83,16.25,0.43,36.0,0.0,bending1
40.67,0.94,16.0,0.0,36.0,0.0,bending1
40.5,0.5,16.0,0.0,36.0,0.0,bending1
40.5,0.5,15.67,0.47,36.0,0.0,bending1
40.5,0.5,16.0,0.0,36.0,0.0,bending1
40.75,0.83,16.0,0.0,36.0,0.0,bending1
41.0,1.0,17.0,0.0,36.0,0.0,bending1
40.75,0.83,17.0,0.0,36.0,0.0,bending1
40.75,0.83,17.0,0.0,36.0,0.0,bending1
40.5,0.5,17.0,0.0,36.0,0.0,bending1
40.5,0.5,16.75,0.43,36.0,0.0,bending1
40.5,0.5,17.0,0.0,36.0,0.0,bending1
40.5,0.5,16.33,0.47,36.0,0.0,bending1
40.75,0.83,16.67,0.47,36.0,0.0,bending1
40.5,0.5,17.0,0.0,36.0,0.0,bending1
40.5,0.5,16.67,0.47,36.0,0.0,bending1
40.67,0.47,17.0,0.0,36.0,0.0,bending1
40.25,0.83,16.75,0.43,36.0,0.0,bending1
40.33,0.47,17.0,0.0,36.0,0.0,bending1
40.5,0.5,16.67,0.47,36.0,0.0,bending1
40.0,1.0,17.0,0.0,36.0,0.0,bending1
40.25,0.83,16.75,0.43,35.25,1.3,bending1
40.5,0.5,17.0,0.71,36.0,0.0,bending1
40.5,0.5,17.0,0.0,36.0,0.0,bending1
40.5,0.5,18.0,0.0,36.0,0.0,bending1
40.25,0.83,17.25,0.83,36.0,0.0,bending1
40.67,0.47,17.0,0.0,36.0,0.0,bending1
40.5,0.5,16.75,0.43,36.0,0.0,bending1
40.5,0.5,16.0,0.0,35.25,1.3,bending1
40.67,0.47,16.75,0.83,36.0,0.0,bending1
40.67,0.47,17.25,0.83,36.0,0.0,bending1
40.25,0.83,15.25,0.83,33.75,1.3,bending1
40.33,0.47,11.33,2.49,34.5,1.5,bending1
40.25,0.83,4.0,1.22,34.5,1.5,bending1
40.0,1.0,4.0,1.0,34.25,1.3,bending1
40.25,0.83,4.25,2.17,34.5,1.5,bending1
40.25,0.83,5.75,1.3,34.5,1.5,bending1
40.5,0.5,11.0,1.87,35.75,0.43,bending1
40.5,0.5,10.25,2.28,33.75,1.3,bending1
40.0,1.0,10.25,1.92,34.5,1.5,bending1
40.0,1.0,12.0,0.71,35.5,0.87,bending1
39.33,0.47,11.33,0.47,36.0,0.0,bending1
40.0,1.0,9.33,3.09,34.0,1.41,bending1
40.0,0.71,9.25,2.68,33.75,1.3,bending1
40.0,1.0,12.0,0.0,33.75,1.3,bending1
39.33,0.47,10.0,1.87,34.0,1.41,bending1
39.0,0.0,15.33,3.09,36.0,0.0,bending1
39.0,0.0,18.0,0.0,36.0,0.0,bending1
39.0,0.0,18.0,0.0,36.0,0.0,bending1
39.71,0.8,18.92,2.93,36.17,0.37,bending1
39.71,0.8,18.92,2.93,36.17,0.37,bending1
39.5,1.12,22.0,0.82,36.67,0.94,bending1
37.25,1.3,24.0,0.0,37.5,1.5,bending1
38.5,0.5,22.0,1.22,37.0,1.0,bending1
38.75,0.43,21.75,0.83,35.25,1.3,bending1
39.0,0.0,19.75,1.64,32.75,0.43,bending1
39.0,0.0,15.5,4.27,33.75,1.92,bending1
39.25,0.43,22.33,0.94,36.33,0.47,bending1
39.5,0.5,24.0,0.0,36.75,0.83,bending1
39.25,0.43,15.5,1.12,33.5,1.5,bending1
39.33,0.47,19.5,4.39,37.0,0.82,bending1
39.5,0.5,22.0,2.12,36.25,0.43,bending1
39.0,0.0,17.0,1.22,36.0,0.0,bending1
39.33,0.47,17.0,0.0,36.0,0.0,bending1
40.5,0.5,17.75,0.43,36.0,0.0,bending1
39.8,0.75,15.0,1.1,35.25,1.3,bending1
39.33,0.47,12.5,2.5,36.75,0.83,bending1
39.25,0.43,19.25,1.3,37.0,1.0,bending1
39.0,0.0,18.5,2.29,37.0,1.0,bending1
39.0,0.0,13.5,0.5,36.0,0.0,bending1
39.25,0.43,15.0,2.12,36.25,0.43,bending1
40.25,0.83,16.0,1.22,36.5,0.5,bending1
40.75,0.83,11.67,2.36,36.0,0.0,bending1
39.75,0.83,12.75,1.3,36.25,0.43,bending1
39.5,0.5,12.0,2.45,36.0,0.0,bending1
39.5,0.5,10.5,2.96,36.25,0.43,bending1
39.25,0.43,15.25,1.79,35.25,1.3,bending1
39.67,0.47,14.5,1.12,36.0,0.0,bending1
39.5,0.5,9.25,4.55,36.0,0.0,bending1
39.33,0.47,8.0,3.27,36.0,0.0,bending1
39.33,0.47,15.0,0.82,36.0,0.0,bending1
39.75,0.43,18.25,0.83,36.0,0.0,bending1
40.0,1.0,16.75,1.3,36.0,0.0,bending1
40.25,0.83,17.5,1.8,34.5,1.5,bending1
40.5,0.5,19.33,0.47,34.5,1.5,bending1
40.0,1.0,18.33,0.47,35.0,1.41,bending1
39.5,0.5,20.33,0.94,36.0,0.0,bending1
39.33,0.47,22.2,1.47,36.6,0.8,bending1
39.0,0.0,24.0,0.0,37.33,0.94,bending1
38.5,0.5,24.0,0.0,36.5,0.5,bending1
38.5,0.5,23.5,0.5,36.5,0.5,bending1
39.0,0.0,24.0,0.0,36.75,0.83,bending1
38.33,0.47,20.67,2.36,36.0,0.0,bending1
38.0,1.0,14.25,1.3,36.0,0.0,bending1
38.25,0.83,16.25,1.92,36.25,0.43,bending1
38.5,0.5,17.75,1.79,36.0,0.0,bending1
38.0,1.0,12.25,1.09,36.0,0.0,bending1
38.5,0.5,17.25,2.49,36.25,0.43,bending1
38.5,0.5,23.75,0.43,36.75,0.83,bending1
39.0,0.0,24.25,0.43,37.0,1.0,bending1
39.0,0.0,23.67,0.47,36.67,0.94,bending1
39.0,0.0,19.5,1.12,36.25,0.43,bending1
39.0,0.0,21.25,1.79,36.25,0.43,bending1
39.0,0.0,22.25,1.3,35.5,0.87,bending1
39.0,0.0,19.67,1.25,36.0,0.0,bending1
39.0,0.0,21.25,0.43,36.25,0.43,bending1
39.0,0.0,23.5,0.5,36.67,0.47,bending1
39.25,0.43,20.33,0.94,36.0,0.0,bending1
39.0,0.0,20.0,1.0,36.33,0.47,bending1
39.0,0.0,23.5,0.5,36.67,0.94,bending1
39.0,0.0,24.0,0.0,37.0,1.0,bending1
39.0,0.0,24.0,0.0,37.0,1.0,bending1
39.0,0.0,22.67,1.25,36.33,0.47,bending1
38.75,0.43,24.0,0.0,36.75,0.83,bending1
39.0,0.0,25.25,0.83,37.5,1.5,bending1
39.25,0.43,24.0,0.0,37.0,1.0,bending1
39.25,0.43,24.75,0.83,36.5,0.5,bending1
39.0,0.0,26.5,0.5,36.5,0.5,bending1
38.5,0.5,27.25,0.43,36.75,0.83,bending1
38.5,0.5,27.0,0.71,37.25,1.3,bending1
39.0,0.0,24.75,2.28,37.75,1.3,bending1
39.0,0.0,16.25,1.64,36.75,0.83,bending1
39.0,0.0,12.25,2.59,36.0,0.0,bending1
38.5,0.5,12.0,0.0,36.25,0.43,bending1
38.25,0.83,14.0,1.58,36.0,0.0,bending1
38.75,0.43,13.0,1.22,36.25,0.43,bending1
39.0,0.0,18.5,1.5,36.5,0.87,bending1
39.0,0.0,22.0,0.71,37.0,1.0,bending1
39.5,0.5,21.25,0.43,37.0,1.0,bending1
39.5,0.5,21.75,0.43,37.0,1.0,bending1
39.5,0.5,23.5,0.87,37.75,1.3,bending1
39.5,0.5,23.33,0.47,37.67,0.94,bending1
39.5,0.5,23.75,0.43,37.75,1.3,bending1
39.0,0.0,21.0,0.71,37.25,1.3,bending1
39.33,0.47,22.0,1.22,37.33,0.94,bending1
39.0,0.0,25.0,0.82,37.33,1.25,bending1
39.0,0.0,24.0,0.0,37.5,1.12,bending1
39.33,0.47,25.33,1.25,37.25,1.3,bending1
39.0,0.0,25.25,1.09,38.0,1.0,bending1
39.0,0.0,24.0,0.71,38.25,0.83,bending1
39.0,0.0,19.0,1.73,37.0,0.71,bending1
39.0,0.0,18.5,0.5,36.75,0.83,bending1
39.0,0.0,21.75,2.49,38.0,1.22,bending1
39.25,0.43,24.0,0.0,37.5,1.5,bending1
39.0,0.0,21.67,1.7,37.0,0.82,bending1
39.25,0.43,15.0,0.0,36.0,0.0,bending1
39.0,0.0,19.0,2.74,36.5,0.87,bending1
39.0,0.0,22.0,1.22,37.0,1.0,bending1
39.0,0.0,20.0,5.34,38.0,0.82,bending1
39.0,0.0,15.25,2.17,36.5,0.5,bending1
39.0,0.0,21.0,1.87,36.5,0.5,bending1
39.0,0.0,24.0,0.0,37.25,1.3,bending1
39.0,0.0,25.25,0.43,37.75,1.3,bending1
39.0,0.0,23.5,0.87,36.25,0.43,bending1
39.25,0.43,24.0,0.0,36.25,0.43,bending1
39.5,0.5,23.75,0.43,36.0,0.0,bending1
39.0,0.0,23.75,0.43,36.0,0.0,bending1
39.5,0.5,23.25,0.43,36.0,0.0,bending1
39.5,0.5,23.25,0.43,36.0,0.0,bending1
39.25,0.43,23.33,0.47,36.0,0.0,bending1
39.25,0.43,24.0,0.0,36.33,0.47,bending1
39.0,0.0,23.75,0.43,36.5,0.5,bending1
39.67,0.47,24.0,0.0,37.0,0.82,bending1
39.5,0.5,24.0,0.0,36.5,0.5,bending1
39.25,0.43,18.5,4.33,34.5,1.5,bending1
39.0,0.0,21.67,0.94,32.75,0.43,bending1
39.25,0.43,19.75,2.95,32.75,0.43,bending1
38.75,0.43,22.0,1.22,33.0,0.0,bending1
39.0,0.0,14.75,3.7,36.0,1.87,bending1
39.25,0.43,8.75,1.64,35.5,1.5,bending1
39.0,0.0,12.5,1.5,33.0,0.0,bending1
39.0,0.0,10.5,1.66,36.0,1.87,bending1
39.25,0.43,14.0,4.64,36.0,0.0,bending1
39.0,0.0,20.75,0.43,36.25,0.43,bending1
39.0,0.0,18.33,2.49,35.25,1.3,bending1
39.0,0.0,15.5,4.39,34.5,1.5,bending1
39.0,0.0,14.0,1.58,33.75,1.3,bending1
39.25,0.43,11.5,5.5,36.0,0.0,bending1
39.25,0.43,15.25,1.09,36.5,0.5,bending1
39.33,0.47,16.75,1.3,36.33,0.47,bending1
39.25,0.43,12.75,3.77,36.5,0.5,bending1
39.75,0.83,21.0,0.0,37.0,1.22,bending1
39.67,0.47,16.75,1.3,35.33,1.7,bending1
39.0,0.0,17.75,2.28,36.0,0.0,bending1
40.75,1.09,20.75,1.09,35.25,1.3,bending1
40.67,1.25,20.67,1.7,33.0,0.0,bending1
39.75,0.83,18.75,0.83,32.75,0.43,bending1
39.0,0.0,16.75,1.3,32.0,0.0,bending1
39.25,0.43,19.0,1.0,32.5,0.5,bending1
39.75,0.83,18.25,0.43,33.0,0.0,bending1
39.6,0.49,13.0,2.97,32.75,0.43,bending1
39.33,0.47,9.67,2.62,32.5,0.5,bending1
39.25,0.43,9.67,1.7,31.75,0.43,bending1
39.25,0.43,12.75,0.83,32.0,0.0,bending1
39.0,0.0,11.75,1.79,32.0,0.0,bending1
39.0,0.0,11.0,2.74,32.25,0.43,bending1
39.5,0.5,13.75,1.09,32.75,0.43,bending1
39.75,0.83,14.75,0.43,32.5,0.5,bending1
39.25,0.43,13.5,1.12,32.25,0.43,bending1
39.5,0.5,16.75,1.64,32.25,0.43,bending1
39.25,0.43,17.0,1.22,33.0,0.0,bending1
39.25,0.83,21.5,0.87,34.5,1.5,bending1
38.75,0.43,22.0,0.71,35.0,1.22,bending1
39.25,0.43,22.75,1.09,35.25,1.3,bending1
38.33,0.47,16.33,1.7,34.5,1.5,bending1
39.25,0.43,21.25,2.68,32.75,0.43,bending1
39.0,0.71,22.0,0.71,33.0,0.0,bending1
38.5,0.5,21.25,0.43,33.0,0.0,bending1
38.75,0.43,22.0,0.0,33.0,0.0,bending1
39.75,0.83,23.33,0.94,31.33,0.47,bending1
40.5,0.5,23.5,0.5,30.5,0.5,bending1
41.0,0.71,21.0,0.0,30.0,0.0,bending1
42.0,0.0,23.33,0.47,30.5,0.5,bending1
44.0,0.82,26.25,1.92,31.0,0.0,bending1
45.0,0.0,29.5,0.5,30.0,0.0,bending1
45.0,0.0,27.5,0.5,30.0,0.0,bending1
44.67,0.47,25.67,0.47,30.0,0.0,bending1
42.75,1.3,23.75,1.48,29.75,0.43,bending1
42.0,0.0,21.67,0.47,29.67,0.47,bending1
42.0,0.0,22.5,0.5,30.0,0.0,bending1
42.0,0.0,24.0,0.0,29.75,0.43,bending1
42.0,0.0,22.5,0.5,29.75,0.43,bending1
42.0,0.0,21.0,0.0,30.0,0.0,bending1
42.0,0.0,22.5,1.12,29.75,0.43,bending1
42.5,0.5,23.25,0.43,30.0,0.0,bending1
42.25,0.43,22.5,1.5,29.25,0.83,bending1
42.0,0.0,21.0,0.0,29.33,0.47,bending1
42.0,0.0,21.75,0.43,30.0,0.0,bending1
42.0,0.0,21.5,0.5,30.0,0.0,bending1
42.0,0.0,21.5,0.5,30.0,0.0,bending1
42.0,0.0,21.25,0.43,30.0,0.0,bending1
42.0,0.0,19.0,0.0,29.67,0.47,bending1
42.0,0.0,19.25,0.43,29.5,0.5,bending1
42.0,0.0,19.25,0.43,29.75,0.43,bending1
42.0,0.0,18.75,0.43,29.5,0.5,bending1
42.0,0.0,19.67,0.47,29.75,0.43,bending1
42.0,0.0,20.0,0.0,30.0,0.0,bending1
42.0,0.0,19.75,0.43,30.0,0.0,bending1
42.0,0.0,19.0,0.0,30.0,0.0,bending1
42.0,0.0,18.75,0.43,30.0,0.0,bending1
42.0,0.0,18.33,0.47,30.0,0.0,bending1
41.5,0.5,20.25,0.83,30.5,0.5,bending1
41.25,0.83,20.0,3.08,30.75,1.3,bending1
41.75,0.43,20.5,1.12,34.5,1.5,bending1
41.5,0.5,18.33,0.47,33.0,0.0,bending1
41.5,0.5,18.0,0.71,32.25,0.83,bending1
41.5,0.5,21.0,0.82,35.0,1.41,bending1
41.5,0.5,23.33,0.47,36.0,0.0,bending1
42.0,0.0,21.33,2.05,36.33,0.47,bending1
42.0,0.0,13.0,1.41,37.75,1.3,bending1
42.0,0.0,11.5,0.87,37.0,1.0,bending1
41.5,0.5,18.25,3.27,36.25,0.43,bending1
41.75,0.43,21.0,0.0,34.5,1.5,bending1
42.0,0.0,23.25,0.83,33.0,0.0,bending1
42.0,0.0,25.0,0.71,33.75,1.3,bending1
42.0,0.0,24.67,0.47,33.0,0.0,bending1
42.75,0.43,24.25,0.43,32.0,0.71,bending1
43.75,0.43,25.5,0.5,31.0,0.71,bending1
43.75,0.43,26.0,0.71,31.25,0.43,bending1
43.5,0.5,25.75,0.83,30.25,0.43,bending1
43.67,0.47,25.0,0.82,30.0,0.0,bending1
43.5,0.5,25.5,1.12,30.25,0.43,bending1
43.67,0.47,24.5,0.5,31.0,0.0,bending1
43.5,0.5,24.33,0.47,31.0,0.0,bending1
42.5,0.5,24.5,0.5,31.0,0.71,bending1
42.75,0.83,24.75,0.43,31.75,0.43,bending1
42.75,0.83,24.25,0.43,31.5,0.5,bending1
43.0,1.0,24.0,0.0,31.5,0.5,bending1
43.25,0.83,24.0,0.0,32.0,0.0,bending1
43.0,0.0,25.0,0.71,32.0,0.0,bending1
42.75,0.83,25.25,0.43,31.75,0.43,bending1
41.75,0.43,25.0,0.71,30.25,0.43,bending1
42.0,0.0,24.33,0.47,31.33,0.94,bending1
42.0,0.0,24.33,0.47,30.0,0.0,bending1
42.25,0.43,24.75,0.83,30.25,0.43,bending1
42.0,0.0,24.5,0.5,31.0,0.0,bending1
42.0,0.0,24.0,0.0,29.33,0.94,bending1
42.0,0.0,24.33,0.47,27.25,0.43,bending1
42.5,0.5,25.0,0.0,29.75,0.43,bending1
43.25,0.83,26.0,0.71,30.0,0.0,bending1
43.5,0.5,25.75,1.09,30.25,0.43,bending1
43.5,0.5,25.5,0.5,30.5,0.5,bending1
43.5,0.5,24.75,0.83,30.0,0.0,bending1
43.5,0.5,25.0,0.71,30.0,0.0,bending1
43.5,0.5,24.67,0.47,30.0,0.0,bending1
44.0,0.0,24.8,0.4,30.0,0.0,bending1
43.33,0.47,25.0,0.0,30.0,0.0,bending1
43.5,0.5,25.5,0.5,30.0,0.0,bending1
43.5,0.5,24.75,0.43,30.0,0.0,bending1
43.5,0.5,24.33,0.47,30.0,0.0,bending1
43.5,0.5,24.25,0.43,30.0,0.0,bending1
41.67,0.47,17.67,2.87,14.5,2.06,cycling
42.0,2.12,9.67,6.34,14.75,2.49,cycling
35.75,1.79,13.75,3.03,18.5,4.09,cycling
34.25,4.02,17.75,1.09,16.25,3.7,cycling
36.5,4.33,14.75,1.09,12.67,4.92,cycling
40.5,1.66,10.75,6.14,18.75,1.48,cycling
43.0,1.87,17.33,2.49,15.5,2.29,cycling
38.25,1.92,14.0,0.0,17.67,1.25,cycling
37.5,1.5,15.5,3.28,19.0,1.0,cycling
33.0,2.16,17.33,3.86,14.5,2.87,cycling
30.5,2.69,14.0,3.0,16.5,3.2,cycling
38.67,2.49,7.33,7.59,16.5,3.04,cycling
42.0,0.0,18.33,2.05,14.75,2.17,cycling
36.75,3.56,10.25,3.42,16.5,5.68,cycling
35.75,1.79,15.25,1.09,19.25,1.48,cycling
35.25,2.49,14.5,3.57,13.75,1.79,cycling
31.67,5.79,10.67,4.78,17.0,4.32,cycling
39.75,1.3,13.5,6.22,14.0,5.34,cycling
40.5,1.5,14.0,2.12,15.5,2.6,cycling
36.25,3.34,12.33,3.77,15.67,4.11,cycling
33.5,2.87,20.0,1.22,16.75,2.68,cycling
32.25,3.77,13.67,1.25,13.33,3.09,cycling
36.5,2.69,6.75,4.15,17.5,3.04,cycling
41.0,1.0,18.0,0.0,17.67,0.47,cycling
40.0,1.41,13.67,1.25,17.0,1.22,cycling
37.0,1.22,15.75,2.49,19.5,2.69,cycling
32.0,1.41,19.5,1.5,17.67,2.87,cycling
32.67,2.49,13.67,1.7,13.0,5.34,cycling
38.67,0.47,7.0,5.35,9.75,6.98,cycling
42.0,0.0,18.0,0.82,15.25,1.48,cycling
40.25,2.17,13.75,5.36,12.0,6.4,cycling
35.75,1.79,15.0,3.0,18.0,2.12,cycling
35.25,1.3,18.75,1.79,13.25,3.27,cycling
30.75,5.76,13.0,5.72,14.25,3.9,cycling
35.0,4.12,6.5,3.84,13.25,3.7,cycling
40.5,1.5,16.67,1.89,16.67,1.25,cycling
41.5,0.87,16.33,0.47,15.0,1.41,cycling
36.0,0.0,14.33,1.25,21.0,0.0,cycling
32.5,0.87,18.0,2.12,17.25,3.27,cycling
37.67,3.3,14.33,0.94,18.25,3.7,cycling
37.0,1.22,10.0,3.16,15.5,2.87,cycling
38.5,0.5,15.5,2.6,17.5,4.92,cycling
40.5,1.12,15.25,2.17,19.25,1.3,cycling
36.75,3.27,12.5,4.5,19.75,1.3,cycling
34.0,1.73,18.33,0.47,18.33,2.62,cycling
32.67,5.31,16.33,3.3,17.0,1.41,cycling
37.5,1.5,11.25,4.44,15.25,7.15,cycling
41.25,1.3,14.25,4.49,14.25,4.92,cycling
41.5,1.5,13.0,1.63,13.67,1.25,cycling
36.0,0.0,13.5,2.69,19.0,2.83,cycling
31.0,0.82,16.0,1.41,17.0,4.74,cycling
32.5,2.29,14.25,2.86,14.75,3.56,cycling
38.75,1.09,8.33,2.87,16.0,4.06,cycling
42.33,0.47,19.0,1.63,18.75,3.9,cycling
41.5,1.12,9.75,5.8,20.75,1.79,cycling
36.75,1.3,15.75,6.94,19.25,3.34,cycling
34.75,1.79,18.25,3.7,13.0,3.24,cycling
30.75,9.12,13.5,7.23,20.25,1.3,cycling
39.0,1.87,15.0,3.24,18.5,3.57,cycling
43.25,1.48,16.67,3.4,12.5,2.5,cycling
36.25,3.19,15.25,5.93,13.5,7.02,cycling
33.5,1.5,22.33,1.25,15.0,0.0,cycling
35.0,3.74,17.67,2.87,16.0,3.67,cycling
34.67,4.78,14.75,3.27,12.33,3.4,cycling
41.0,1.22,17.0,3.67,15.5,3.2,cycling
41.75,0.83,14.33,4.03,12.5,4.5,cycling
34.67,2.36,21.0,0.0,17.0,2.16,cycling
34.75,1.79,17.0,1.0,15.0,1.87,cycling
27.75,10.76,16.0,1.41,17.0,4.85,cycling
37.5,2.6,15.25,3.56,19.25,1.3,cycling
42.5,1.5,19.0,1.73,14.5,4.72,cycling
35.5,3.91,13.0,2.16,15.0,4.97,cycling
36.0,0.0,22.5,1.66,17.5,5.55,cycling
38.0,1.63,17.75,3.49,14.33,3.86,cycling
34.67,2.36,15.33,1.89,18.67,1.7,cycling
40.67,1.7,3.0,0.0,18.67,4.71,cycling
42.75,1.09,13.0,7.12,15.33,2.49,cycling
35.25,4.44,17.67,4.71,15.33,5.19,cycling
31.0,0.82,20.5,1.5,16.0,1.22,cycling
30.75,3.9,12.0,9.0,16.25,1.3,cycling
38.25,3.27,16.75,2.49,17.5,2.06,cycling
43.25,1.3,18.0,2.12,16.75,2.95,cycling
37.5,3.2,14.0,3.32,15.75,2.86,cycling
36.0,2.12,20.5,0.5,15.25,3.7,cycling
31.67,1.25,21.67,0.94,13.0,3.0,cycling
36.0,3.74,12.5,3.77,19.25,1.64,cycling
40.0,1.22,13.25,2.95,15.0,8.75,cycling
44.0,0.82,17.0,3.54,19.0,0.82,cycling
38.5,4.15,12.5,5.22,15.25,5.45,cycling
36.67,0.94,19.67,1.25,18.0,6.75,cycling
34.75,1.79,19.5,2.6,14.0,2.12,cycling
32.25,6.76,10.67,4.78,14.75,4.66,cycling
38.75,2.17,14.0,2.94,19.25,1.79,cycling
42.5,0.87,19.33,1.7,17.0,2.45,cycling
37.25,3.19,15.33,1.7,15.33,1.25,cycling
36.33,0.47,19.0,1.58,18.33,4.5,cycling
36.0,4.06,17.25,3.9,11.5,6.26,cycling
33.5,4.5,15.0,4.42,12.0,2.74,cycling
38.5,0.5,11.67,7.76,20.0,1.58,cycling
43.25,1.3,18.33,2.49,17.25,3.27,cycling
39.75,2.49,9.5,4.27,13.5,3.35,cycling
35.25,3.27,15.67,1.25,19.0,0.82,cycling
34.0,4.24,16.0,1.22,15.25,2.77,cycling
36.33,2.36,10.75,3.49,19.25,2.05,cycling
42.0,0.0,15.33,2.49,19.0,3.46,cycling
40.67,2.05,13.75,7.36,14.33,4.19,cycling
36.0,1.87,19.0,3.56,20.67,5.44,cycling
33.75,3.77,22.0,0.71,11.75,3.49,cycling
32.0,4.0,11.5,3.5,20.33,0.47,cycling
38.75,1.3,13.75,2.28,18.25,2.17,cycling
42.75,0.83,17.5,1.5,19.75,2.17,cycling
43.67,1.25,13.0,2.16,11.25,2.49,cycling
36.0,4.24,16.5,6.22,20.25,3.34,cycling
32.75,2.17,23.75,0.43,14.75,3.7,cycling
35.0,4.08,19.33,6.6,17.75,5.36,cycling
37.0,3.74,13.5,3.35,17.25,2.28,cycling
42.0,2.12,15.75,6.3,19.0,2.12,cycling
39.75,5.76,15.5,2.29,15.25,4.38,cycling
34.5,1.5,21.75,0.83,18.75,3.9,cycling
33.75,3.27,19.75,2.77,13.33,5.19,cycling
35.0,3.74,13.67,4.78,17.0,3.24,cycling
40.5,1.5,11.0,3.0,17.5,2.06,cycling
43.0,0.71,12.25,1.92,11.25,5.12,cycling
36.0,3.32,9.33,6.94,11.33,4.19,cycling
33.25,1.64,19.5,1.5,15.75,2.49,cycling
34.0,3.67,14.25,3.9,15.25,3.7,cycling
39.0,0.0,13.0,1.0,20.67,0.47,cycling
43.0,1.0,11.67,5.56,19.0,2.16,cycling
43.75,1.09,16.5,1.12,11.67,8.22,cycling
36.0,4.24,14.25,7.46,15.25,2.49,cycling
32.25,2.49,16.0,3.94,12.25,3.7,cycling
29.33,6.8,13.0,1.0,20.33,0.47,cycling
39.0,1.87,13.25,5.26,20.33,2.49,cycling
43.25,1.09,17.67,2.05,19.33,2.05,cycling
37.0,3.24,11.33,2.62,15.75,2.59,cycling
33.0,2.12,18.25,2.17,19.5,2.69,cycling
35.75,5.26,17.0,1.58,10.0,4.24,cycling
38.25,1.48,15.0,0.0,16.67,2.87,cycling
42.25,1.79,15.0,6.48,19.67,0.94,cycling
43.0,1.41,12.67,2.49,19.67,1.25,cycling
33.0,2.45,18.0,4.24,15.75,4.32,cycling
33.25,0.43,15.25,2.28,12.5,2.29,cycling
31.67,5.44,19.67,1.25,16.75,3.49,cycling
37.75,1.3,12.67,3.68,18.0,3.54,cycling
41.0,1.22,16.33,5.25,19.33,1.25,cycling
42.33,1.25,12.5,1.5,18.33,2.49,cycling
33.75,2.49,18.0,4.3,18.75,2.28,cycling
33.0,0.0,15.0,2.24,15.5,0.87,cycling
33.0,5.61,15.5,5.12,17.5,3.35,cycling
36.67,0.94,13.67,3.77,17.0,4.9,cycling
40.25,2.05,18.0,0.71,19.5,2.6,cycling
42.75,1.09,13.75,2.68,11.5,6.42,cycling
36.25,2.05,19.33,1.25,17.75,4.09,cycling
33.0,1.87,17.33,0.94,14.0,2.16,cycling
32.25,5.54,15.0,4.12,20.5,0.87,cycling
39.0,0.0,14.25,2.68,19.5,1.5,cycling
43.75,1.79,20.0,0.71,18.67,1.7,cycling
39.67,3.3,15.0,2.45,17.33,0.94,cycling
35.0,1.22,22.75,1.3,19.25,3.27,cycling
33.25,3.49,19.75,2.77,14.25,3.96,cycling
35.0,4.9,11.5,3.5,14.0,4.06,cycling
40.75,1.3,14.75,3.9,13.25,1.79,cycling
43.75,1.3,17.0,2.16,15.0,2.94,cycling
34.25,5.45,11.33,2.87,16.25,2.49,cycling
32.25,3.27,15.75,1.3,21.0,0.71,cycling
31.75,3.03,16.33,3.09,13.75,2.05,cycling
37.67,1.25,16.33,1.25,16.67,1.7,cycling
44.0,1.58,11.5,1.8,19.25,1.79,cycling
38.5,4.15,12.75,3.27,15.75,2.59,cycling
34.75,1.79,14.75,2.77,14.5,7.83,cycling
33.33,4.71,17.0,1.41,10.5,6.34,cycling
33.33,4.03,15.0,0.0,16.75,4.32,cycling
40.0,1.22,10.75,4.44,20.0,2.12,cycling
43.75,1.3,13.33,3.09,18.0,2.55,cycling
33.75,5.63,15.5,2.87,17.0,2.74,cycling
32.0,1.22,20.0,1.22,14.25,2.49,cycling
34.5,3.35,12.0,4.36,18.5,2.29,cycling
38.25,1.48,14.5,1.5,17.25,0.83,cycling
42.5,0.87,14.67,2.62,18.67,0.94,cycling
35.5,4.09,11.75,2.17,15.25,3.9,cycling
33.5,0.87,16.75,2.28,17.25,2.28,cycling
35.75,7.15,14.75,5.36,16.75,1.64,cycling
35.25,3.34,13.0,4.85,16.0,2.0,cycling
43.5,2.06,14.0,2.45,18.75,1.92,cycling
43.33,1.25,12.67,2.05,15.33,2.49,cycling
38.0,1.41,11.33,2.05,18.75,1.48,cycling
32.33,0.94,20.67,0.47,15.0,8.15,cycling
32.67,4.5,16.33,3.68,14.25,3.34,cycling
38.0,3.0,11.75,4.15,20.5,1.5,cycling
42.75,1.3,18.0,1.87,15.0,4.24,cycling
38.5,2.29,15.33,0.47,19.0,0.82,cycling
35.67,2.05,20.0,1.22,16.0,2.94,cycling
33.0,3.67,19.33,0.47,12.75,1.92,cycling
33.0,2.45,15.67,1.7,17.5,1.66,cycling
38.75,1.09,10.75,4.71,19.5,2.06,cycling
42.75,1.3,15.0,1.87,19.5,1.8,cycling
40.0,5.87,11.0,4.55,19.5,1.12,cycling
33.75,1.3,16.33,3.68,19.0,1.58,cycling
33.0,4.24,16.25,2.49,16.25,3.49,cycling
34.75,3.03,14.33,0.94,17.0,1.63,cycling
40.5,1.12,14.0,2.94,18.0,0.71,cycling
43.5,1.12,16.0,2.12,18.25,2.77,cycling
38.33,1.7,17.33,5.73,21.0,0.0,cycling
32.25,0.83,20.0,1.22,13.75,6.76,cycling
34.25,3.7,15.33,5.44,13.75,1.48,cycling
39.67,0.47,11.67,5.31,19.0,2.74,cycling
43.0,1.0,15.33,2.05,15.25,5.58,cycling
39.25,2.68,14.0,1.41,18.25,1.92,cycling
35.0,2.12,20.0,1.22,13.5,4.5,cycling
34.5,3.35,18.5,1.12,15.0,1.87,cycling
34.0,4.24,15.67,3.3,13.0,2.12,cycling
40.33,0.94,15.75,2.28,19.67,1.25,cycling
43.5,1.5,15.75,4.32,17.0,3.67,cycling
35.0,4.69,15.5,4.27,16.5,3.91,cycling
33.0,0.0,21.0,0.0,14.5,0.5,cycling
34.33,4.99,18.2,1.6,13.4,5.61,cycling
40.25,1.64,11.67,6.24,20.67,1.25,cycling
44.0,1.22,17.0,1.22,20.25,2.86,cycling
36.75,3.27,14.75,1.09,12.0,4.64,cycling
33.75,1.3,19.5,1.12,17.5,4.15,cycling
33.25,3.49,19.25,1.3,15.5,3.5,cycling
35.67,2.87,17.25,2.86,14.0,2.16,cycling
39.0,0.71,10.67,1.89,16.75,3.49,cycling
42.0,0.0,16.67,2.62,22.0,0.71,cycling
41.25,3.27,15.25,3.7,19.25,1.48,cycling
34.25,1.79,14.0,6.0,19.0,0.82,cycling
32.5,4.39,11.5,4.72,17.25,4.15,cycling
38.67,2.05,8.0,4.24,16.75,5.17,cycling
40.33,1.7,13.0,2.94,20.75,1.79,cycling
43.0,1.22,14.25,3.27,21.25,0.43,cycling
36.75,3.27,9.0,4.3,16.5,2.06,cycling
30.5,2.29,13.67,0.47,18.67,0.94,cycling
31.75,4.09,13.25,4.21,15.67,5.73,cycling
38.5,0.5,12.0,1.41,19.25,1.09,cycling
43.0,1.22,18.33,0.47,18.67,1.7,cycling
38.5,2.6,13.67,1.89,18.75,1.79,cycling
33.0,2.12,10.25,5.72,20.25,1.3,cycling
35.33,5.91,17.75,3.11,13.67,1.25,cycling
36.25,3.9,13.0,3.94,17.5,0.5,cycling
40.0,1.63,16.33,3.09,15.5,2.18,cycling
43.0,1.22,19.75,0.43,13.0,2.94,cycling
36.25,2.17,15.67,0.47,17.75,0.43,cycling
33.25,4.09,18.25,4.82,18.75,0.83,cycling
35.75,4.92,15.33,4.71,14.25,3.34,cycling
40.0,1.58,13.75,1.92,14.25,4.15,cycling
42.5,0.5,19.0,1.0,16.75,4.6,cycling
38.75,4.55,14.67,1.25,15.25,3.11,cycling
33.25,2.49,15.33,1.7,21.0,0.0,cycling
36.25,5.31,15.25,1.92,17.25,3.34,cycling
38.0,1.63,13.0,3.24,19.67,1.89,cycling
39.6,1.62,12.75,2.49,13.0,2.76,cycling
43.0,1.0,11.67,1.7,19.67,1.25,cycling
31.0,1.41,16.0,2.16,15.75,4.82,cycling
31.5,1.12,16.75,2.05,18.5,2.5,cycling
33.75,4.44,15.25,3.9,15.25,3.7,cycling
39.0,0.82,10.67,2.62,16.0,1.22,cycling
41.5,1.5,13.0,3.67,18.75,3.34,cycling
39.25,4.82,12.25,3.9,18.25,3.9,cycling
32.5,0.87,16.75,2.17,20.75,0.43,cycling
32.75,3.7,14.75,3.03,14.0,3.74,cycling
34.5,3.2,12.25,0.43,14.5,3.04,cycling
43.0,1.41,15.5,2.5,13.5,4.5,cycling
39.5,5.55,12.5,5.12,13.75,4.38,cycling
33.5,1.5,13.5,3.2,17.8,1.6,cycling
34.25,2.17,18.0,0.0,17.0,3.74,cycling
34.75,3.7,13.75,6.8,17.0,2.45,cycling
37.67,1.25,11.0,1.22,15.33,2.05,cycling
42.75,1.48,15.25,2.17,17.0,1.41,cycling
39.0,4.24,16.0,0.0,13.75,3.42,cycling
31.5,1.12,14.75,2.17,20.5,3.28,cycling
33.0,3.0,15.0,1.87,14.5,5.12,cycling
36.25,2.17,11.67,4.19,18.0,0.0,cycling
40.0,1.22,8.67,5.79,18.25,1.64,cycling
43.5,1.5,13.0,1.41,19.75,1.09,cycling
33.75,4.92,10.33,3.4,20.5,2.06,cycling
31.75,1.09,16.5,2.69,19.25,4.26,cycling
35.25,4.92,14.0,6.67,13.33,6.6,cycling
38.0,3.0,15.67,2.49,11.33,6.34,cycling
43.5,1.5,10.5,2.6,16.5,2.06,cycling
40.0,4.06,9.5,4.92,9.0,4.58,cycling
33.33,1.89,16.5,1.5,20.0,1.41,cycling
32.0,1.22,18.5,1.5,17.0,2.92,cycling
34.6,4.59,13.25,1.79,14.8,3.37,cycling
37.5,0.5,7.0,3.74,20.67,2.05,cycling
42.67,0.94,15.0,0.82,13.5,5.41,cycling
40.0,4.18,10.25,6.06,13.75,4.02,cycling
33.75,1.3,13.0,2.12,18.0,0.0,cycling
33.0,3.94,16.25,2.49,17.0,1.22,cycling
34.75,4.76,17.25,1.92,15.75,3.9,cycling
39.75,1.3,11.25,5.12,19.25,1.09,cycling
42.75,1.48,11.0,5.61,18.5,1.5,cycling
36.0,4.24,12.75,2.49,21.0,2.12,cycling
32.0,1.22,12.67,4.11,22.67,1.25,cycling
35.0,4.95,14.33,4.11,11.75,6.72,cycling
37.75,2.77,17.25,1.3,17.0,3.67,cycling
42.0,1.22,16.0,1.41,14.75,1.64,cycling
42.25,0.43,11.0,7.71,15.75,2.17,cycling
35.5,2.6,15.5,3.57,20.5,2.29,cycling
33.0,0.0,19.0,2.12,23.0,1.41,cycling
33.5,4.15,18.0,3.32,17.25,3.56,cycling
36.75,2.86,13.5,3.35,15.75,5.26,cycling
41.0,1.58,8.25,2.17,13.25,4.6,cycling
43.67,1.89,15.0,3.0,17.25,1.48,cycling
35.0,4.58,12.75,0.83,15.25,4.02,cycling
32.6,0.8,16.0,0.71,19.75,1.64,cycling
35.67,6.18,13.33,3.4,14.5,3.2,cycling
36.5,0.87,11.5,2.69,18.5,2.18,cycling
42.0,2.12,15.0,2.12,14.5,2.06,cycling
39.0,6.04,11.0,5.72,10.67,2.62,cycling
32.25,0.83,13.25,1.3,16.25,3.34,cycling
32.25,3.27,16.5,4.03,13.25,2.49,cycling
35.25,4.92,15.5,2.5,21.33,1.25,cycling
43.25,0.83,17.0,2.12,17.0,1.58,cycling
41.5,2.87,19.0,2.83,14.5,2.6,cycling
34.25,1.79,13.25,2.17,18.0,4.24,cycling
33.25,1.64,18.0,1.87,16.75,2.49,cycling
32.67,5.73,12.0,6.04,13.5,1.5,cycling
36.0,1.87,14.75,2.28,16.0,2.74,cycling
42.0,1.41,14.0,1.41,19.0,3.46,cycling
42.0,0.0,18.0,2.0,17.0,2.92,cycling
37.5,1.5,24.75,1.92,22.0,4.06,cycling
35.0,1.41,19.0,1.0,19.0,1.0,cycling
32.0,6.82,14.0,8.15,18.5,3.28,cycling
40.0,1.41,17.67,4.71,18.75,5.93,cycling
44.0,1.22,16.5,2.87,20.0,1.73,cycling
36.25,3.9,15.0,2.45,17.5,4.5,cycling
32.75,0.43,18.75,1.3,17.0,2.55,cycling
36.25,5.26,13.75,5.36,17.25,2.49,cycling
36.5,2.29,13.5,1.5,15.75,1.3,cycling
41.25,1.3,8.5,3.5,18.67,2.62,cycling
44.0,1.41,14.5,0.5,19.0,1.63,cycling
38.0,3.67,12.25,2.68,16.75,4.02,cycling
36.33,0.47,16.75,1.09,17.0,4.0,cycling
31.67,1.25,13.33,3.4,17.25,3.34,cycling
34.75,5.76,14.5,2.29,14.75,3.27,cycling
38.0,1.58,12.0,2.55,17.0,1.58,cycling
42.0,1.41,11.0,1.87,19.25,1.3,cycling
41.25,3.27,10.0,5.0,19.0,2.74,cycling
35.0,2.16,15.67,0.47,18.0,2.45,cycling
33.5,1.5,17.0,1.58,14.75,2.49,cycling
32.5,4.72,16.0,1.0,19.33,2.36,cycling
38.67,0.47,0.0,0.0,0.0,0.0,cycling
43.0,0.71,6.33,2.62,20.0,1.41,cycling
43.0,1.22,9.25,5.93,16.75,3.03,cycling
33.0,3.0,14.0,5.0,18.75,0.83,cycling
33.0,0.0,16.67,1.25,11.0,2.83,cycling
35.75,2.95,17.0,4.24,17.25,3.11,cycling
36.0,2.45,15.5,0.5,20.0,1.22,cycling
41.0,1.22,10.5,3.84,18.0,2.12,cycling
41.0,3.0,13.25,1.79,18.0,3.67,cycling
31.5,1.5,17.67,4.03,16.67,3.68,cycling
32.75,4.02,16.75,2.05,15.25,0.43,cycling
33.33,5.25,13.33,4.5,17.0,2.16,cycling
39.0,0.0,10.5,2.5,17.75,0.43,cycling
42.75,1.3,12.33,2.05,18.25,1.79,cycling
40.25,4.92,9.0,3.56,17.33,2.49,cycling
33.75,1.3,16.75,1.3,16.0,1.87,cycling
33.5,2.18,16.25,2.38,14.0,2.45,cycling
35.25,3.7,15.5,2.06,16.75,4.32,cycling
38.25,1.3,11.5,1.5,21.0,1.58,cycling
44.0,1.22,12.0,2.74,17.0,4.74,cycling
40.5,2.96,11.25,2.86,18.0,2.12,cycling
35.0,3.0,19.0,1.63,16.67,3.86,cycling
34.5,3.35,16.67,2.36,16.67,0.94,cycling
36.25,2.68,15.0,4.36,17.5,3.35,cycling
40.67,1.25,17.67,1.7,19.67,1.25,cycling
43.67,0.94,20.0,1.41,13.75,5.89,cycling
39.0,1.63,14.0,2.83,21.33,1.25,cycling
36.0,2.12,18.0,1.87,16.33,4.99,cycling
33.75,2.49,14.75,3.56,17.0,3.67,cycling
33.67,3.86,14.0,3.74,14.25,5.93,cycling
40.75,1.3,16.25,4.97,16.5,3.64,cycling
41.25,2.59,12.75,5.54,13.5,3.2,cycling
35.0,2.0,17.5,5.5,20.5,3.5,cycling
33.83,2.34,19.6,1.2,14.6,3.93,cycling
36.5,2.87,17.5,2.6,17.33,1.25,cycling
36.67,4.78,14.25,2.77,14.33,2.49,cycling
41.0,1.22,11.0,3.56,18.75,0.43,cycling
44.0,1.41,13.33,1.25,19.0,3.39,cycling
35.5,4.82,15.25,3.11,16.25,4.02,cycling
33.0,0.0,18.0,0.82,17.5,2.5,cycling
33.5,4.5,17.5,0.87,17.75,4.55,cycling
36.0,3.67,10.25,3.7,17.0,4.06,cycling
42.5,1.8,19.33,1.7,17.0,4.97,cycling
42.75,1.3,13.75,3.77,12.67,7.93,cycling
34.25,4.09,15.0,4.3,18.75,1.3,cycling
31.5,3.35,16.33,1.89,18.0,4.24,cycling
33.75,6.18,10.5,2.06,18.33,2.05,cycling
39.67,1.7,15.0,2.0,20.33,0.47,cycling
44.67,0.47,11.0,3.27,22.0,0.82,cycling
38.0,6.38,13.75,3.03,20.0,1.0,cycling
33.0,2.12,15.5,2.87,19.25,1.09,cycling
34.25,3.7,20.5,4.5,16.5,2.06,cycling
35.5,3.57,13.75,7.98,18.0,4.74,cycling
42.0,2.12,17.25,1.92,21.75,0.83,cycling
43.5,1.5,15.25,2.59,16.0,3.74,cycling
36.0,1.87,16.67,2.36,17.75,1.64,cycling
34.0,1.41,15.0,0.82,18.5,0.5,cycling
35.75,2.77,16.25,2.38,15.25,2.17,cycling
35.75,2.49,13.75,1.3,16.0,4.58,cycling
40.33,1.25,9.0,1.63,17.0,1.0,cycling
42.0,0.89,15.4,1.62,16.6,3.72,cycling
34.75,4.76,12.0,5.39,20.0,2.0,cycling
33.75,1.3,18.5,0.5,14.25,3.34,cycling
36.0,4.06,16.5,2.5,15.0,3.27,cycling
37.25,1.64,14.25,1.92,15.0,2.24,cycling
38.0,1.41,10.0,1.0,22.0,0.0,cycling
41.4,2.8,12.5,4.39,20.4,1.2,cycling
35.25,2.28,13.5,2.06,17.0,2.92,cycling
33.0,2.16,18.25,1.48,12.67,4.19,cycling
34.25,5.45,17.75,4.09,14.0,4.18,cycling
34.67,1.89,15.0,3.56,16.75,3.42,cycling
40.0,1.9,14.4,3.72,18.25,2.17,cycling
43.0,1.41,15.0,0.0,21.0,0.71,cycling
41.0,3.24,17.75,3.96,14.5,3.64,cycling
35.75,1.64,21.5,2.87,20.75,3.7,cycling
33.25,2.28,20.5,6.06,12.0,2.55,cycling
36.0,4.42,17.5,5.5,18.0,5.24,cycling
40.5,1.5,18.75,2.77,14.0,6.52,cycling
44.0,1.22,19.0,1.22,15.75,3.34,cycling
36.75,3.96,17.33,3.86,20.67,2.36,cycling
33.75,2.49,21.25,0.43,16.5,4.5,cycling
36.25,3.63,21.25,2.28,14.0,2.74,cycling
34.25,3.7,10.67,6.94,18.67,1.7,cycling
41.0,1.41,13.0,2.45,17.0,2.83,cycling
42.0,1.9,12.0,4.9,17.6,2.33,cycling
37.33,1.25,13.25,2.59,21.33,1.25,cycling
32.67,0.47,18.67,0.47,18.25,1.79,cycling
34.0,4.12,18.0,1.73,11.25,5.97,cycling
34.5,4.27,14.0,4.85,13.75,2.77,cycling
39.75,0.43,15.67,1.7,16.75,1.09,cycling
41.0,1.22,16.0,1.63,17.33,3.3,cycling
34.25,3.42,15.33,4.5,18.0,2.45,cycling
33.0,0.0,21.5,0.5,12.67,6.34,cycling
35.0,6.04,17.33,2.62,16.75,0.83,cycling
37.25,1.3,12.67,0.94,18.0,4.3,cycling
40.5,1.12,11.33,1.7,20.5,0.87,cycling
42.25,0.43,15.5,2.29,17.25,3.77,cycling
35.75,2.77,18.5,2.5,21.25,1.64,cycling
33.75,1.3,20.25,0.83,13.33,2.87,cycling
35.25,5.76,16.0,4.58,16.25,0.83,cycling
35.67,2.05,10.67,4.64,18.0,3.0,cycling
42.0,2.12,11.0,1.22,19.75,1.3,cycling
39.5,5.68,13.25,3.96,17.75,3.34,cycling
33.0,0.0,18.25,3.9,19.0,2.74,cycling
32.67,0.47,15.5,3.5,15.33,0.47,cycling
36.67,2.87,18.0,3.0,14.67,2.05,cycling
37.75,4.6,13.5,5.72,15.0,3.24,cycling
41.5,1.5,12.0,4.69,18.75,0.83,cycling
41.75,2.49,13.0,3.56,19.0,2.12,cycling
36.0,2.12,20.33,0.94,19.75,1.79,cycling
33.5,1.5,16.5,2.69,13.75,1.09,cycling
31.0,7.79,19.0,1.63,18.25,1.92,cycling
36.75,1.3,17.5,0.5,14.0,2.16,cycling
40.25,1.3,6.67,1.89,20.33,0.47,cycling
43.33,1.25,10.75,4.6,18.33,3.77,cycling
44.0,1.41,14.33,0.47,17.75,3.42,cycling
38.25,3.34,15.25,2.49,14.0,6.44,cycling
34.25,1.79,17.0,3.24,14.75,4.97,cycling
32.5,2.06,14.75,4.21,12.75,2.86,cycling
33.0,6.04,14.0,4.06,15.5,3.2,cycling
39.33,0.47,13.67,4.19,18.0,0.0,cycling
41.5,0.5,15.0,2.45,18.0,0.0,cycling
38.0,2.45,11.25,4.38,15.0,0.0,cycling
34.5,2.06,21.5,2.29,15.25,7.4,cycling
33.0,2.45,16.67,4.03,18.0,0.0,cycling
34.5,3.2,12.75,4.32,15.0,3.94,cycling
38.67,0.47,14.33,3.3,18.75,1.3,cycling
41.75,1.79,11.0,1.58,20.5,3.04,cycling
41.25,3.27,14.0,3.08,17.25,3.49,cycling
34.5,1.5,19.75,3.96,19.75,5.17,cycling
34.0,1.41,22.5,0.5,13.0,1.41,cycling
33.67,1.7,19.67,2.36,13.0,2.92,cycling
31.67,5.19,18.0,0.0,18.5,1.8,cycling
40.25,1.3,12.67,1.7,20.5,0.5,cycling
41.75,1.79,11.0,6.0,16.67,2.49,cycling
36.33,0.47,16.0,3.16,20.33,1.7,cycling
31.5,1.5,21.0,0.0,12.25,7.12,cycling
34.25,6.38,12.67,2.49,15.25,4.21,cycling
42.0,0.0,19.2,0.98,15.5,2.06,sitting
42.0,0.0,19.33,0.94,11.0,0.82,sitting
42.0,0.0,17.5,0.5,12.5,0.5,sitting
42.0,0.0,17.0,1.41,13.33,0.94,sitting
42.0,0.0,17.5,0.87,12.0,0.82,sitting
42.0,0.0,18.0,0.0,10.0,0.82,sitting
42.0,0.0,18.5,0.5,10.0,0.0,sitting
42.0,0.0,18.25,0.43,12.33,1.7,sitting
41.75,0.43,18.0,0.0,4.0,1.58,sitting
42.0,0.0,17.75,0.43,2.5,0.87,sitting
42.0,0.0,15.75,1.3,5.75,2.28,sitting
42.0,0.0,15.25,0.43,1.0,0.0,sitting
42.0,0.0,16.75,0.83,3.5,1.12,sitting
41.75,0.43,16.0,1.0,6.33,3.86,sitting
42.0,0.0,17.75,0.43,7.75,3.42,sitting
42.0,0.0,18.25,0.43,9.0,0.82,sitting
42.0,0.0,18.33,0.47,7.0,0.82,sitting
42.0,0.0,18.0,0.71,10.5,2.06,sitting
42.0,0.0,17.25,0.83,8.25,4.49,sitting
42.0,0.0,17.25,1.3,7.67,2.05,sitting
42.0,0.0,15.25,0.43,12.0,1.58,sitting
42.0,0.0,15.5,0.87,11.5,1.12,sitting
42.0,0.0,16.75,1.09,9.33,2.36,sitting
42.0,0.0,17.5,0.5,11.0,0.71,sitting
42.0,0.0,16.5,1.5,11.5,0.5,sitting
42.0,0.0,18.0,0.0,14.25,0.83,sitting
42.0,0.0,18.0,0.0,11.25,0.83,sitting
42.0,0.0,18.25,0.43,12.0,0.82,sitting
42.0,0.0,16.0,1.22,14.67,0.94,sitting
42.0,0.0,14.75,0.43,13.33,0.47,sitting
42.0,0.0,14.67,0.47,13.0,0.82,sitting
42.0,0.0,15.0,0.0,12.5,0.5,sitting
42.0,0.0,15.67,0.94,11.75,0.43,sitting
42.0,0.0,15.75,0.83,9.5,1.12,sitting
42.25,0.43,16.0,0.71,6.67,0.47,sitting
42.0,0.0,15.0,0.0,5.33,0.94,sitting
42.0,0.0,14.5,0.5,8.0,0.71,sitting
42.0,0.0,15.0,0.0,4.0,0.0,sitting
42.0,0.0,15.25,0.43,2.5,0.5,sitting
42.0,0.0,15.0,0.0,3.0,1.0,sitting
42.0,0.0,15.25,0.43,3.0,0.71,sitting
42.0,0.0,15.67,0.47,2.0,0.0,sitting
42.0,0.0,17.25,0.83,2.0,0.0,sitting
42.0,0.0,17.5,0.5,3.25,1.3,sitting
42.0,0.0,16.75,0.43,6.67,0.47,sitting
42.0,0.0,16.5,0.87,9.0,1.22,sitting
42.0,0.0,14.75,0.43,10.0,0.0,sitting
42.0,0.0,13.33,0.47,9.5,0.5,sitting
42.0,0.0,14.5,0.87,10.25,1.3,sitting
42.0,0.0,14.5,0.87,5.0,3.67,sitting
42.0,0.0,15.0,0.0,3.0,2.16,sitting
42.0,0.0,16.25,0.83,11.25,2.86,sitting
42.0,0.0,18.0,0.0,15.0,0.71,sitting
41.5,0.5,17.5,0.5,15.0,0.0,sitting
41.5,0.5,17.67,0.47,15.33,0.47,sitting
41.75,0.43,17.25,0.43,15.75,0.83,sitting
41.67,0.47,17.25,0.83,15.0,0.82,sitting
41.5,0.5,14.0,1.22,14.33,0.47,sitting
41.67,0.47,12.0,0.0,13.0,0.71,sitting
41.5,0.5,12.75,1.3,13.75,1.3,sitting
42.0,0.0,14.25,0.83,13.75,0.83,sitting
42.0,0.0,13.5,1.5,10.0,1.63,sitting
42.0,0.0,12.0,0.0,9.33,0.47,sitting
42.0,0.0,13.33,0.94,7.25,1.3,sitting
42.0,0.0,13.25,0.43,6.25,0.83,sitting
42.0,0.0,12.25,0.43,6.25,0.43,sitting
42.0,0.0,12.0,0.0,5.33,1.25,sitting
42.0,0.0,11.25,1.3,7.67,2.05,sitting
42.0,0.0,10.0,0.82,10.33,0.94,sitting
42.0,0.0,9.0,0.0,11.33,0.47,sitting
42.0,0.0,10.67,1.25,13.67,1.25,sitting
42.0,0.0,10.5,1.12,17.5,1.66,sitting
41.67,0.47,8.67,2.49,12.0,5.61,sitting
40.5,1.12,13.0,0.71,3.0,0.82,sitting
40.75,0.43,12.5,0.87,2.67,1.25,sitting
41.25,0.83,13.25,1.3,4.25,1.48,sitting
41.25,0.83,14.75,0.43,6.33,1.25,sitting
41.25,0.83,14.75,0.43,6.25,1.48,sitting
41.0,1.0,15.0,0.0,7.0,0.82,sitting
41.5,0.5,15.0,0.0,6.5,0.5,sitting
41.75,0.43,13.0,2.16,11.33,0.47,sitting
41.5,0.5,10.75,2.17,8.0,2.24,sitting
41.5,0.5,10.75,0.83,6.0,4.08,sitting
41.25,0.83,13.0,1.63,8.0,0.0,sitting
41.5,0.5,10.75,1.3,11.5,0.5,sitting
41.67,0.47,9.75,0.83,10.67,1.25,sitting
42.0,0.0,11.0,1.22,9.0,2.12,sitting
42.0,0.0,11.25,0.83,8.6,3.38,sitting
42.0,0.0,12.0,0.0,13.0,0.82,sitting
42.0,0.0,12.0,0.0,11.75,0.43,sitting
42.0,0.0,14.0,1.0,10.67,0.47,sitting
41.75,0.43,19.25,2.49,14.75,2.77,sitting
41.5,0.5,20.5,0.5,13.0,1.0,sitting
41.5,0.5,20.75,0.43,11.75,0.43,sitting
41.5,0.5,20.75,0.43,11.75,1.09,sitting
41.5,0.5,19.75,0.43,11.75,0.43,sitting
41.5,0.5,19.75,0.83,11.5,2.06,sitting
41.75,0.43,19.25,1.3,15.0,2.12,sitting
42.0,0.0,20.5,0.87,12.33,0.47,sitting
43.25,0.43,20.75,0.43,10.75,1.3,sitting
43.5,0.5,20.5,0.5,13.0,0.71,sitting
43.5,0.5,20.75,0.43,10.0,1.22,sitting
43.0,0.71,18.75,2.28,11.5,6.02,sitting
42.5,0.5,18.0,0.0,14.0,1.22,sitting
42.25,0.43,18.5,0.87,13.0,1.22,sitting
42.5,0.5,20.0,0.0,14.33,0.94,sitting
42.5,0.5,19.67,0.47,10.33,0.47,sitting
42.67,0.47,18.75,0.83,12.0,0.82,sitting
42.5,0.5,18.25,0.43,13.0,1.22,sitting
42.0,0.0,18.0,0.0,14.0,0.71,sitting
42.25,0.43,19.0,1.0,13.25,1.09,sitting
42.33,0.47,19.67,0.47,14.75,1.48,sitting
42.67,0.47,17.67,0.47,14.75,0.83,sitting
42.75,0.43,16.25,1.09,12.5,1.12,sitting
42.5,0.5,13.0,2.0,14.0,1.22,sitting
42.5,0.5,14.0,1.22,10.0,2.74,sitting
42.5,0.5,15.0,0.0,11.5,0.5,sitting
42.5,0.5,14.8,1.47,11.0,2.68,sitting
42.5,0.5,14.25,0.83,13.5,2.06,sitting
42.5,0.5,15.0,0.71,13.0,1.41,sitting
42.5,0.5,14.5,1.5,15.0,0.0,sitting
42.5,0.5,7.33,1.25,13.67,1.25,sitting
42.75,0.83,11.0,4.32,11.67,1.25,sitting
42.75,0.83,17.25,1.3,8.0,5.52,sitting
42.5,0.5,15.75,0.83,9.0,3.0,sitting
42.5,0.5,18.25,0.43,13.5,1.66,sitting
42.75,0.83,18.25,0.43,10.75,0.83,sitting
43.0,0.71,19.25,0.43,8.33,0.94,sitting
43.0,0.0,19.0,0.71,7.75,1.3,sitting
43.0,0.82,19.25,0.43,10.67,0.47,sitting
42.75,0.43,19.0,0.0,11.25,0.83,sitting
42.67,0.47,19.33,0.47,13.25,0.83,sitting
43.5,0.5,20.0,0.0,12.75,0.83,sitting
43.5,0.5,19.5,0.5,12.0,0.71,sitting
43.5,0.5,18.75,0.43,11.75,1.09,sitting
43.5,0.5,18.75,0.43,9.5,1.5,sitting
43.75,0.43,18.0,0.0,11.0,0.82,sitting
43.5,0.5,17.25,1.3,10.75,0.83,sitting
43.5,0.5,18.5,0.5,8.5,1.66,sitting
43.67,0.47,18.25,0.43,6.33,0.47,sitting
43.5,0.5,18.5,0.5,6.5,0.5,sitting
43.75,0.43,19.0,0.0,8.67,0.94,sitting
43.33,0.47,18.67,0.47,5.0,0.0,sitting
43.5,0.5,18.25,1.09,7.5,2.06,sitting
43.5,0.5,16.75,1.92,8.5,2.5,sitting
43.5,0.5,19.5,1.12,9.33,2.05,sitting
43.5,0.5,19.5,0.5,10.5,1.5,sitting
43.75,0.43,19.25,0.43,8.75,1.09,sitting
43.5,0.5,18.5,0.5,7.5,1.5,sitting
43.5,0.5,19.0,0.71,7.5,0.5,sitting
43.5,0.5,18.5,0.5,6.67,0.47,sitting
43.5,0.5,18.25,0.43,7.33,0.47,sitting
43.5,0.5,18.25,0.43,8.5,1.12,sitting
43.5,0.5,19.33,1.7,7.0,2.94,sitting
44.0,0.0,17.33,0.94,7.0,0.0,sitting
43.75,0.43,20.5,0.87,11.25,0.83,sitting
43.67,0.47,20.75,0.43,10.0,1.0,sitting
43.75,0.43,19.0,1.22,6.67,0.47,sitting
43.5,0.5,19.25,1.3,10.67,4.03,sitting
43.5,0.5,19.5,0.5,7.25,1.48,sitting
43.33,0.47,19.33,0.47,10.67,1.25,sitting
43.5,0.5,19.75,0.43,11.5,0.5,sitting
43.5,0.5,19.75,0.43,11.75,0.43,sitting
43.5,0.5,19.75,0.43,11.75,0.43,sitting
43.5,0.5,20.25,0.43,11.25,0.43,sitting
43.5,0.5,20.0,0.0,11.25,0.43,sitting
43.5,0.5,19.25,0.43,13.25,0.83,sitting
43.5,0.5,19.0,0.0,12.75,0.83,sitting
43.5,0.5,20.0,0.0,11.75,0.43,sitting
43.5,0.5,20.25,0.43,11.5,0.87,sitting
43.5,0.5,20.0,0.0,11.5,0.5,sitting
43.5,0.5,20.0,0.0,11.67,0.47,sitting
43.5,0.5,20.0,0.0,11.5,0.5,sitting
43.67,0.47,20.25,0.43,12.33,0.47,sitting
43.5,0.5,18.75,0.83,11.5,0.5,sitting
43.67,0.47,18.5,0.5,11.33,0.47,sitting
43.5,0.5,18.25,0.43,11.0,0.82,sitting
43.33,0.47,18.0,0.0,8.0,1.22,sitting
43.5,0.5,18.5,0.5,8.0,0.82,sitting
43.5,0.5,18.5,0.5,7.75,0.43,sitting
43.5,0.5,18.25,0.43,9.0,1.63,sitting
43.5,0.5,18.75,0.83,10.33,0.94,sitting
43.5,0.5,20.0,0.0,9.5,1.5,sitting
43.67,0.47,18.75,0.43,9.67,1.7,sitting
43.5,0.5,17.75,0.43,11.5,0.87,sitting
43.33,0.47,20.0,0.0,10.0,0.71,sitting
43.5,0.5,20.0,0.0,9.33,0.47,sitting
43.5,0.5,20.25,0.43,11.25,1.3,sitting
43.5,0.5,20.5,0.5,12.25,0.43,sitting
43.5,0.5,20.75,0.43,12.0,0.0,sitting
43.5,0.5,21.0,0.0,12.0,0.71,sitting
43.5,0.5,20.25,0.43,12.0,0.71,sitting
43.5,0.5,18.25,0.43,12.75,0.83,sitting
43.25,0.83,18.0,0.0,14.67,1.25,sitting
42.5,0.5,18.0,0.0,13.5,0.5,sitting
42.0,0.0,17.75,0.43,13.25,1.3,sitting
43.0,0.71,17.0,1.41,14.67,0.47,sitting
43.5,0.5,18.0,0.0,12.67,0.47,sitting
43.67,0.47,17.5,0.5,13.0,1.41,sitting
43.4,0.49,18.0,0.0,10.5,1.12,sitting
43.67,0.47,19.75,0.83,10.0,1.0,sitting
43.5,0.5,20.75,0.43,7.25,1.3,sitting
43.5,0.5,21.0,0.0,6.33,2.05,sitting
43.33,0.47,21.0,0.0,9.75,0.83,sitting
43.33,0.47,21.0,0.0,10.25,0.83,sitting
43.5,0.5,20.75,0.43,8.0,2.24,sitting
43.5,0.5,20.75,0.43,7.0,1.22,sitting
43.5,0.5,21.0,0.0,8.0,0.71,sitting
43.5,0.5,21.0,0.0,9.0,1.0,sitting
43.5,0.5,21.0,0.0,7.0,1.0,sitting
43.5,0.5,21.0,0.0,3.75,0.83,sitting
43.5,0.5,21.0,0.0,3.5,1.12,sitting
43.5,0.5,21.0,0.0,4.75,1.92,sitting
43.5,0.5,21.0,0.0,9.5,1.12,sitting
43.5,0.5,21.0,0.0,7.33,1.25,sitting
43.5,0.5,21.0,0.0,3.5,0.5,sitting
43.5,0.5,21.0,0.0,1.5,0.5,sitting
43.5,0.5,21.0,0.0,4.0,0.0,sitting
43.5,0.5,21.0,0.0,2.0,0.0,sitting
43.5,0.5,20.75,0.43,8.0,0.0,sitting
43.67,0.47,18.5,0.5,10.33,1.25,sitting
43.5,0.5,19.75,1.64,11.0,2.12,sitting
43.5,0.5,21.0,0.0,9.25,1.64,sitting
43.67,0.47,21.67,0.47,7.75,1.09,sitting
43.5,0.5,22.5,0.5,8.75,1.09,sitting
43.5,0.5,22.25,0.43,9.5,0.87,sitting
43.5,0.5,21.5,1.66,12.0,1.41,sitting
43.0,0.82,20.67,0.47,13.0,0.71,sitting
43.5,0.5,20.75,0.43,13.0,1.0,sitting
43.5,0.5,18.75,0.43,10.0,0.82,sitting
43.5,0.5,18.25,0.43,13.0,1.22,sitting
43.67,0.47,18.0,0.0,15.0,0.0,sitting
43.5,0.5,19.0,0.71,15.0,0.71,sitting
43.5,0.5,18.75,0.83,15.5,0.87,sitting
43.5,0.5,19.0,1.22,14.0,1.22,sitting
42.5,0.5,17.0,1.0,12.0,0.0,sitting
42.83,0.69,19.17,0.69,12.0,1.22,sitting
42.75,0.43,19.33,0.47,11.0,0.82,sitting
43.0,0.71,19.5,1.5,10.67,1.89,sitting
43.33,0.94,19.75,1.09,10.33,1.25,sitting
43.5,0.5,20.5,1.12,10.75,0.83,sitting
43.5,0.5,22.25,0.43,12.0,1.63,sitting
44.0,0.0,22.0,0.0,13.25,1.09,sitting
43.5,0.5,22.5,0.87,12.33,1.89,sitting
43.5,0.5,21.75,1.09,11.0,1.22,sitting
44.0,0.71,20.5,1.12,9.5,0.87,sitting
43.75,0.43,17.5,0.5,9.25,1.79,sitting
43.75,0.43,19.25,0.83,10.75,0.43,sitting
43.75,0.43,20.25,1.3,13.25,2.59,sitting
43.5,0.5,15.0,1.87,15.0,1.22,sitting
43.5,0.5,15.25,0.43,13.25,1.3,sitting
43.5,0.5,12.67,0.47,14.0,1.41,sitting
43.5,0.5,14.5,1.12,15.5,0.5,sitting
43.67,0.47,15.0,0.0,19.0,0.82,sitting
43.0,0.0,15.0,0.0,20.5,0.5,sitting
43.5,0.5,15.0,0.0,20.25,0.43,sitting
43.5,0.5,15.0,0.0,20.5,0.5,sitting
43.5,0.5,15.0,0.0,20.75,0.43,sitting
43.5,0.5,15.0,0.0,20.75,0.43,sitting
43.5,0.5,15.0,0.0,20.0,0.71,sitting
43.5,0.5,15.0,0.0,19.5,0.5,sitting
43.25,0.83,15.0,0.0,19.5,0.5,sitting
43.5,0.5,15.0,0.0,19.25,0.43,sitting
43.5,0.5,15.0,0.0,18.75,0.43,sitting
43.5,0.5,15.0,0.0,18.33,0.47,sitting
43.5,0.5,15.0,0.0,17.5,0.5,sitting
43.5,0.5,15.0,0.0,17.75,0.43,sitting
43.5,0.5,15.0,0.0,17.5,0.5,sitting
43.67,0.47,15.0,0.0,18.0,0.82,sitting
43.5,0.5,15.75,0.43,18.0,0.0,sitting
43.33,0.47,16.67,0.47,18.0,0.0,sitting
43.5,0.5,16.25,0.43,18.0,0.0,sitting
43.5,0.5,15.75,0.43,18.0,0.0,sitting
43.5,0.5,15.0,0.0,18.0,0.0,sitting
43.5,0.5,15.0,0.0,18.25,0.43,sitting
43.5,0.5,15.67,0.47,18.33,0.47,sitting
43.5,0.5,16.25,0.43,18.25,0.43,sitting
43.67,0.47,16.0,0.0,18.33,0.47,sitting
43.5,0.5,15.75,0.83,18.25,0.43,sitting
43.5,0.5,16.25,0.43,18.25,0.43,sitting
43.67,0.47,15.5,0.5,18.0,0.0,sitting
43.5,0.5,15.25,0.43,17.75,0.43,sitting
43.25,0.83,15.0,0.0,17.75,0.43,sitting
43.5,0.5,15.75,0.43,18.0,0.0,sitting
43.33,0.47,15.0,0.0,17.75,0.43,sitting
43.0,0.71,16.0,0.71,18.5,0.5,sitting
43.5,0.5,16.0,0.71,18.25,0.43,sitting
43.5,0.5,15.5,0.87,18.75,0.43,sitting
43.5,0.5,15.0,0.0,18.75,0.83,sitting
43.5,0.5,15.75,0.83,18.5,0.5,sitting
43.5,0.5,15.0,0.0,18.0,0.0,sitting
43.5,0.5,15.25,0.43,18.0,0.0,sitting
43.5,0.5,15.5,0.5,18.25,0.43,sitting
43.25,0.83,16.0,0.0,18.25,0.43,sitting
43.5,0.5,16.25,0.43,17.75,0.43,sitting
43.5,0.5,16.5,0.5,16.5,0.5,sitting
43.5,0.5,15.67,0.47,17.33,0.94,sitting
43.5,0.5,16.5,0.5,17.25,0.43,sitting
43.67,0.47,16.25,0.43,17.67,0.47,sitting
43.25,0.83,16.0,0.0,17.5,0.5,sitting
43.5,0.5,16.25,0.43,17.25,0.83,sitting
43.33,0.47,16.33,0.47,17.75,0.43,sitting
43.25,0.83,15.5,0.5,18.0,0.0,sitting
43.5,0.5,16.5,0.5,18.0,0.0,sitting
43.5,0.5,16.5,0.5,18.0,0.0,sitting
43.5,0.5,16.5,0.5,18.0,0.0,sitting
43.5,0.5,16.5,0.5,18.0,0.0,sitting
43.25,0.83,17.25,0.43,18.25,0.43,sitting
43.5,0.5,16.75,0.43,18.0,0.0,sitting
43.5,0.5,16.75,0.43,18.0,0.0,sitting
43.5,0.5,16.0,1.22,18.5,0.5,sitting
43.25,0.83,16.0,1.22,20.5,0.87,sitting
43.25,0.83,15.0,0.0,19.25,0.43,sitting
43.5,0.5,15.0,0.0,19.0,0.82,sitting
43.67,0.47,14.5,0.5,21.0,0.0,sitting
43.67,0.47,14.5,0.5,21.0,0.0,sitting
43.42,0.64,14.92,0.28,20.25,0.6,sitting
43.42,0.64,14.92,0.28,20.25,0.6,sitting
43.33,0.47,15.67,0.94,18.25,0.83,sitting
43.5,0.5,18.25,0.43,15.75,0.83,sitting
43.5,0.5,20.0,0.0,16.0,0.71,sitting
43.25,0.83,19.5,0.5,15.25,0.83,sitting
43.5,0.5,18.0,0.0,16.0,0.71,sitting
43.5,0.5,18.0,0.0,15.5,0.5,sitting
43.5,0.5,18.0,0.0,15.25,0.43,sitting
43.25,0.83,18.0,0.0,15.5,0.5,sitting
43.5,0.5,18.0,0.0,15.33,0.47,sitting
43.5,0.5,18.25,0.43,15.5,0.5,sitting
43.5,0.5,18.0,0.0,15.33,0.47,sitting
43.5,0.5,18.25,0.43,15.5,0.5,sitting
43.67,0.47,18.5,0.5,15.33,0.47,sitting
43.5,0.5,20.0,0.0,15.25,0.83,sitting
43.0,0.82,19.0,0.82,14.5,0.87,sitting
43.5,0.5,18.0,0.0,14.75,1.09,sitting
43.5,0.5,18.0,0.0,16.0,1.0,sitting
43.25,0.83,17.0,0.71,17.75,0.43,sitting
43.5,0.5,16.0,0.0,18.33,0.47,sitting
43.33,0.47,15.75,0.43,20.67,0.47,sitting
43.25,0.83,15.0,0.0,21.25,0.43,sitting
42.75,0.83,15.0,0.0,21.0,0.0,sitting
42.5,0.5,17.75,0.83,21.0,0.0,sitting
43.0,0.0,16.67,0.94,21.5,0.87,sitting
43.25,0.43,16.5,1.66,19.75,1.3,sitting
43.25,0.83,18.0,0.0,21.0,0.0,sitting
42.75,0.43,18.0,0.0,20.75,0.43,sitting
43.25,0.83,17.25,0.83,20.75,0.43,sitting
43.0,0.71,17.75,0.43,21.0,0.0,sitting
43.0,0.71,17.25,0.43,21.0,0.0,sitting
42.75,0.43,18.0,0.0,21.0,0.0,sitting
42.75,0.83,18.0,0.0,20.5,0.5,sitting
43.5,0.5,18.0,0.0,20.75,0.43,sitting
42.75,0.43,18.0,0.0,21.0,0.0,sitting
42.75,0.43,18.0,0.0,21.0,0.0,sitting
42.75,0.43,18.0,0.0,21.25,0.43,sitting
42.75,0.83,18.0,0.0,19.75,0.83,sitting
42.25,0.43,16.5,0.87,20.0,1.22,sitting
42.0,0.0,17.5,0.5,18.67,1.7,sitting
42.0,0.0,18.67,0.47,20.67,0.47,sitting
42.0,0.0,18.0,0.0,18.5,1.66,sitting
42.0,0.0,18.0,0.0,16.25,0.83,sitting
42.25,0.43,17.75,0.43,15.5,1.66,sitting
43.0,0.0,18.0,0.0,10.5,0.87,sitting
43.25,0.83,18.75,0.43,9.0,0.0,sitting
42.5,0.5,18.25,0.43,11.0,0.82,sitting
42.75,0.83,18.0,0.0,13.25,2.77,sitting
42.5,0.5,17.75,0.43,16.0,1.87,sitting
42.0,0.0,15.75,0.83,17.5,1.12,sitting
42.0,0.0,16.33,1.25,17.25,0.83,sitting
42.25,0.43,18.0,0.0,17.75,0.43,sitting
42.5,0.5,18.0,0.0,17.67,0.47,sitting
42.5,0.5,15.5,1.66,13.25,1.92,sitting
42.5,0.5,12.25,0.43,13.25,1.09,sitting
43.0,0.0,17.25,1.48,12.5,1.12,sitting
43.0,0.71,19.25,0.43,12.75,1.92,sitting
43.25,0.43,19.0,0.71,15.25,0.83,sitting
42.5,0.5,16.33,1.25,12.0,2.94,sitting
42.75,0.83,11.25,1.3,14.0,1.22,sitting
42.75,0.83,15.5,0.87,14.0,0.71,sitting
43.33,0.94,15.25,1.09,11.5,0.5,sitting
43.0,0.71,13.25,2.38,2.33,0.94,sitting
43.0,0.71,13.25,0.83,8.5,2.87,sitting
43.0,0.82,11.0,1.41,12.0,0.0,sitting
42.5,0.5,14.75,5.36,7.75,5.85,sitting
42.5,0.5,17.25,0.83,11.5,2.6,sitting
43.5,0.5,20.25,1.3,13.75,0.83,sitting
42.5,0.5,20.0,0.71,11.75,0.43,sitting
42.75,0.83,18.25,0.43,8.5,1.66,sitting
43.25,0.43,20.0,0.0,6.5,0.87,sitting
43.0,0.71,20.33,0.47,8.5,1.5,sitting
43.33,0.47,21.0,0.0,14.33,1.25,sitting
42.75,0.43,21.25,0.43,16.0,0.71,sitting
43.0,0.82,21.0,0.0,16.25,0.43,sitting
43.0,0.0,21.25,0.43,14.75,0.43,sitting
42.33,0.47,21.0,0.0,15.25,0.43,sitting
42.67,0.94,21.0,0.0,16.0,0.71,sitting
42.75,0.83,21.0,0.0,14.75,0.43,sitting
42.75,0.43,21.0,0.0,14.75,0.43,sitting
42.5,0.5,21.0,0.0,14.25,0.83,sitting
42.5,0.5,21.0,0.0,14.0,1.0,sitting
42.75,0.83,21.0,0.0,14.25,0.83,sitting
42.5,0.5,21.0,0.0,13.25,0.43,sitting
42.75,0.83,21.0,0.0,14.25,1.79,sitting
42.5,0.5,21.0,0.0,17.25,0.83,sitting
42.5,0.5,20.0,0.82,18.33,0.47,sitting
43.0,0.71,18.25,0.43,17.75,0.43,sitting
43.0,0.71,17.5,0.5,16.0,0.71,sitting
43.0,0.82,18.75,0.83,17.67,0.94,sitting
43.0,1.0,18.0,0.0,18.0,0.0,sitting
42.33,0.47,14.33,2.05,14.0,3.24,sitting
43.0,0.71,7.0,4.08,5.33,2.62,sitting
42.5,0.5,12.5,3.57,12.5,5.68,sitting
42.25,0.43,19.5,0.5,9.5,4.5,sitting
43.25,1.09,18.75,0.83,13.0,2.16,sitting
47.25,1.3,11.75,4.26,11.75,3.11,sitting
42.75,4.44,9.33,0.47,10.75,1.79,sitting
37.0,1.0,8.33,4.78,10.5,2.06,sitting
38.0,1.22,13.75,2.49,14.0,4.74,sitting
37.75,1.79,15.75,5.12,25.0,2.12,sitting
45.25,2.05,18.5,1.8,27.75,0.43,sitting
39.75,3.27,21.67,0.94,24.33,3.68,sitting
33.25,1.79,22.25,1.3,19.0,2.74,sitting
36.5,0.87,20.25,1.48,17.25,4.49,sitting
37.0,0.82,16.25,2.49,15.0,2.94,sitting
35.0,1.41,20.33,0.47,18.0,0.0,sitting
33.5,2.06,19.25,1.3,17.5,0.87,sitting
36.5,1.5,18.25,0.83,17.5,0.5,sitting
34.5,1.5,17.0,0.0,18.0,0.0,sitting
36.0,0.0,9.75,3.56,16.0,1.58,sitting
36.0,0.0,8.33,1.7,12.75,1.3,sitting
36.0,0.0,5.33,2.87,14.5,0.87,sitting
36.0,0.0,3.0,0.82,13.25,1.3,sitting
36.0,0.0,5.0,3.27,12.67,0.94,sitting
36.0,0.0,11.75,0.43,13.33,1.25,sitting
36.0,0.0,11.0,1.22,13.0,0.82,sitting
36.75,1.47,8.0,1.0,16.6,1.36,sitting
41.0,0.82,11.25,2.05,19.0,0.82,sitting
40.5,1.5,15.0,0.0,20.0,0.71,sitting
36.0,0.0,13.0,1.0,19.0,1.0,sitting
35.0,1.41,12.33,0.94,19.0,0.0,sitting
34.5,1.5,11.75,0.43,18.75,0.83,sitting
36.0,0.0,11.0,0.0,18.25,0.43,sitting
35.25,1.3,11.33,0.94,18.75,0.43,sitting
36.0,0.0,12.75,0.43,19.25,0.83,sitting
36.0,0.0,12.33,0.47,18.0,0.0,sitting
36.0,0.0,12.75,0.83,17.75,0.43,sitting
35.25,1.3,15.0,0.71,17.25,0.83,sitting
36.0,0.0,18.0,1.22,17.75,1.09,sitting
37.5,1.12,12.67,2.62,16.0,0.0,sitting
37.75,0.83,16.75,2.95,10.67,4.78,sitting
37.25,1.3,16.5,1.5,13.75,0.83,sitting
37.33,0.94,11.33,3.3,19.0,1.41,sitting
36.67,0.94,19.33,1.25,24.25,2.17,sitting
36.5,0.5,22.5,0.87,28.0,0.71,sitting
36.5,0.5,22.0,1.0,28.0,0.71,sitting
36.5,0.5,19.0,1.22,26.0,1.22,sitting
36.33,0.47,18.67,0.47,24.75,0.83,sitting
36.5,0.5,18.0,0.0,24.75,0.83,sitting
36.75,0.83,18.0,0.0,24.75,0.83,sitting
37.25,0.83,17.0,1.22,24.25,0.43,sitting
38.5,0.87,15.5,0.87,20.5,3.28,sitting
42.0,0.71,17.67,0.47,11.0,1.0,sitting
44.0,0.82,18.0,0.0,21.0,0.82,sitting
44.75,0.43,20.75,0.43,12.0,5.79,sitting
44.33,0.94,20.67,0.47,9.5,3.35,sitting
43.5,0.5,18.5,0.5,15.75,0.83,sitting
44.5,0.5,18.25,0.43,16.75,0.83,sitting
43.5,0.5,18.0,0.0,17.75,0.43,sitting
43.5,0.5,18.75,0.83,17.0,0.71,sitting
43.75,0.43,20.67,0.47,15.67,0.94,sitting
43.75,0.43,21.0,0.0,16.5,0.5,sitting
44.0,0.0,21.0,0.0,16.67,0.47,sitting
44.0,0.0,21.0,0.0,16.5,0.5,sitting
44.0,0.0,21.0,0.0,17.67,0.47,sitting
44.0,0.82,21.0,0.0,18.0,0.0,sitting
43.75,0.43,20.75,0.43,18.0,0.0,sitting
44.25,0.83,20.0,0.0,18.0,0.0,sitting
44.25,0.43,20.0,0.0,17.75,0.43,sitting
44.25,0.43,19.0,1.0,17.75,0.43,sitting
44.75,0.43,17.0,0.71,15.0,1.0,sitting
48.0,2.12,22.25,1.92,10.75,2.28,sitting
44.5,0.5,15.0,0.71,9.25,0.43,standing
44.75,0.43,13.0,0.71,11.25,0.83,standing
41.33,0.94,15.33,0.47,11.0,1.22,standing
39.5,0.87,16.75,1.09,10.0,1.58,standing
39.25,0.43,15.75,2.49,15.25,2.17,standing
39.0,0.0,16.75,2.59,15.0,2.12,standing
39.5,0.5,21.25,1.09,15.75,3.27,standing
38.5,0.87,24.0,0.0,22.0,0.71,standing
37.0,1.0,24.0,0.0,21.0,0.0,standing
37.5,0.5,21.25,0.43,18.75,2.49,standing
37.67,1.25,18.5,1.5,7.33,4.11,standing
37.0,1.0,19.75,0.83,9.25,3.9,standing
36.67,0.94,17.0,1.41,11.0,1.63,standing
37.0,1.0,15.33,0.47,13.67,0.94,standing
37.0,1.0,14.67,0.47,12.67,0.47,standing
37.25,0.83,16.0,1.22,10.0,0.71,standing
38.0,1.0,17.75,0.43,6.0,3.08,standing
38.0,1.0,17.25,0.83,6.0,0.0,standing
38.25,0.83,18.0,0.0,5.67,1.7,standing
36.67,0.94,18.0,0.0,7.33,1.25,standing
36.75,0.83,17.6,1.02,11.2,0.75,standing
36.75,0.83,17.0,0.82,11.33,0.47,standing
38.5,0.5,17.6,0.49,7.8,1.6,standing
40.25,1.3,16.5,0.87,6.75,2.28,standing
41.25,1.3,16.25,0.43,9.0,0.71,standing
38.0,1.0,15.5,0.5,4.5,1.5,standing
37.67,1.25,17.25,0.83,2.0,0.0,standing
37.0,1.0,16.25,1.3,4.25,1.79,standing
37.25,0.83,15.25,0.43,5.5,0.5,standing
37.5,1.12,13.5,1.5,3.0,1.87,standing
37.33,0.47,13.33,0.94,5.67,2.05,standing
37.25,0.83,14.5,0.87,7.75,1.09,standing
37.0,1.0,16.25,0.83,6.5,0.5,standing
38.25,0.83,14.0,0.82,8.33,1.7,standing
38.5,0.5,15.0,0.71,5.75,1.3,standing
38.75,0.43,15.75,0.83,6.0,0.0,standing
39.0,0.0,14.5,0.87,9.0,0.0,standing
39.5,0.5,11.5,0.87,9.25,0.43,standing
38.0,1.0,12.0,0.0,9.67,0.47,standing
37.75,0.83,14.75,2.28,8.25,2.38,standing
37.67,1.25,17.75,0.43,5.0,2.83,standing
38.0,1.0,17.5,0.5,2.25,1.09,standing
40.0,1.58,17.0,0.71,8.0,2.35,standing
42.67,0.47,17.67,0.47,10.5,1.12,standing
42.25,0.43,18.0,0.0,11.25,0.83,standing
42.0,0.0,17.75,0.43,10.0,0.71,standing
42.0,0.0,17.5,0.87,11.5,0.5,standing
42.0,0.0,15.75,0.83,11.0,0.71,standing
42.75,0.83,15.25,0.43,11.0,1.87,standing
42.25,0.43,14.25,0.83,12.0,0.0,standing
42.0,0.0,15.0,0.0,7.33,1.89,standing
41.5,0.5,14.0,0.71,3.0,0.0,standing
41.67,0.47,14.25,0.83,11.0,1.63,standing
41.5,0.5,16.25,0.83,9.75,1.79,standing
42.75,0.83,14.67,0.47,9.33,1.25,standing
42.33,0.47,17.67,0.47,10.0,1.22,standing
42.25,0.43,15.75,0.83,7.25,1.09,standing
42.25,0.43,14.25,0.43,7.5,2.18,standing
42.0,0.0,12.5,0.5,8.5,0.87,standing
42.0,0.0,15.0,1.22,8.5,0.87,standing
42.0,0.0,15.5,0.5,7.75,1.09,standing
42.25,0.43,16.0,1.22,9.0,2.55,standing
42.0,0.0,12.67,0.94,10.33,0.94,standing
42.0,0.0,10.67,1.25,11.0,1.41,standing
42.5,0.5,11.25,0.83,11.75,1.79,standing
43.67,0.47,13.75,0.83,10.0,0.82,standing
41.75,0.43,16.25,0.43,9.25,1.09,standing
40.5,0.5,17.25,0.83,7.0,1.0,standing
40.0,0.82,16.67,0.94,8.25,1.48,standing
40.25,0.83,15.5,0.87,9.25,0.43,standing
41.0,0.71,15.5,0.87,9.25,0.43,standing
41.5,0.5,15.25,0.43,9.75,1.09,standing
42.0,0.0,17.5,0.87,7.75,2.28,standing
41.5,0.5,16.25,1.3,4.67,1.7,standing
41.75,0.43,13.0,1.41,10.0,1.63,standing
41.67,0.47,11.25,0.83,9.0,0.82,standing
41.25,0.83,11.5,0.5,8.0,0.0,standing
41.5,0.5,12.0,0.71,7.25,1.3,standing
41.0,0.82,14.67,1.25,8.25,1.3,standing
41.5,0.5,17.25,0.83,7.5,0.87,standing
41.75,0.43,18.0,0.0,11.25,1.3,standing
42.0,0.0,17.0,1.0,9.75,1.3,standing
42.0,0.0,16.25,0.83,10.0,1.0,standing
42.0,0.0,14.75,0.43,9.75,0.83,standing
42.0,0.0,15.0,0.0,10.0,1.0,standing
42.0,0.0,15.0,0.0,11.5,1.12,standing
42.25,0.43,16.67,0.47,12.67,0.94,standing
42.0,0.0,17.6,0.49,12.4,0.8,standing
41.75,0.43,18.0,0.0,12.0,0.82,standing
41.5,0.5,15.75,1.3,12.0,0.71,standing
41.5,0.5,14.5,0.5,9.5,0.87,standing
41.67,0.47,14.0,1.22,9.33,0.47,standing
41.5,0.5,13.25,1.3,11.5,1.8,standing
40.0,0.71,12.0,0.0,12.0,0.0,standing
38.0,1.41,15.67,1.7,10.25,2.49,standing
36.75,0.83,17.5,0.5,4.67,1.7,standing
37.0,1.0,17.0,0.71,10.0,0.0,standing
37.0,1.0,15.25,1.09,5.0,1.63,standing
37.0,1.0,15.0,0.0,4.0,1.0,standing
38.25,0.83,15.25,0.43,6.0,1.41,standing
41.0,1.22,17.25,0.83,9.25,0.43,standing
43.25,0.43,19.0,0.71,12.75,0.83,standing
44.0,0.82,19.5,0.5,13.67,1.25,standing
44.25,0.43,18.25,0.43,14.5,0.5,standing
44.5,0.5,19.25,0.83,12.75,0.83,standing
44.0,0.82,18.67,0.94,11.75,0.43,standing
43.5,0.5,18.25,0.43,8.0,1.58,standing
43.0,0.71,18.0,0.0,5.0,1.58,standing
42.5,0.5,17.75,0.43,7.25,1.09,standing
42.75,0.43,18.75,0.83,6.25,1.64,standing
44.25,0.83,18.0,0.0,11.0,1.41,standing
44.75,0.43,18.25,0.43,12.25,0.43,standing
45.0,0.0,17.5,0.5,11.75,0.43,standing
45.0,0.0,18.0,0.0,11.0,1.22,standing
45.0,0.0,18.0,0.0,11.67,0.47,standing
44.75,0.43,18.33,0.47,12.33,0.47,standing
44.5,0.5,17.25,0.83,8.25,1.48,standing
45.0,0.0,16.0,0.82,7.0,0.0,standing
44.5,0.5,16.25,0.83,7.5,1.5,standing
45.0,0.0,16.5,1.12,8.25,0.43,standing
45.0,0.0,18.0,0.0,9.25,0.83,standing
45.0,0.0,18.0,0.0,10.75,1.79,standing
44.75,0.43,18.0,0.0,12.0,0.0,standing
45.0,0.0,18.75,0.83,10.75,0.83,standing
45.0,0.0,18.0,0.0,10.75,1.3,standing
45.0,0.0,18.5,0.5,12.0,0.0,standing
44.75,0.43,18.0,0.0,11.33,0.47,standing
45.0,0.0,18.0,0.0,10.0,0.71,standing
44.67,0.47,18.0,0.0,8.33,0.43,standing
45.0,0.0,17.75,0.43,10.0,0.82,standing
44.75,0.43,18.0,0.0,7.5,0.87,standing
44.5,0.5,17.5,0.5,8.75,0.83,standing
45.0,0.0,17.33,0.47,6.75,1.3,standing
44.6,0.49,15.6,0.49,6.75,0.83,standing
44.5,0.5,17.0,0.71,6.25,1.09,standing
44.5,0.5,18.0,0.0,4.5,0.5,standing
44.5,0.5,18.0,0.0,7.5,1.8,standing
44.33,0.47,18.33,0.47,9.67,0.94,standing
44.5,0.5,17.0,0.71,9.0,1.22,standing
44.5,0.5,17.75,0.43,10.5,0.5,standing
44.5,0.5,17.75,0.43,9.0,1.0,standing
44.5,0.5,18.5,0.87,9.25,0.83,standing
44.5,0.5,18.5,0.5,10.0,0.71,standing
43.75,0.83,18.5,0.87,8.25,1.3,standing
44.0,0.71,17.67,0.47,8.67,0.47,standing
43.25,0.83,15.5,1.12,8.0,1.0,standing
39.0,2.12,12.0,0.0,7.5,1.66,standing
37.75,1.3,10.25,1.79,13.0,2.83,standing
39.67,0.47,9.0,1.22,17.67,0.47,standing
37.75,1.3,15.0,1.87,13.25,3.03,standing
40.25,1.79,18.0,0.0,8.75,0.43,standing
44.67,0.47,20.0,0.82,9.75,1.64,standing
44.75,0.43,19.5,0.5,9.67,0.47,standing
44.5,0.5,18.75,0.83,8.75,0.43,standing
43.5,0.5,18.25,0.43,8.5,1.12,standing
43.25,0.83,19.25,1.09,8.0,0.71,standing
42.75,0.43,19.5,0.5,7.0,1.22,standing
44.5,0.5,18.25,0.43,7.0,0.71,standing
45.0,0.0,17.0,0.71,9.75,1.79,standing
45.0,0.0,15.0,0.0,11.25,0.43,standing
44.5,0.5,15.0,0.0,10.33,0.94,standing
44.5,0.5,17.0,1.22,10.0,0.71,standing
44.5,0.5,17.75,0.43,12.0,0.0,standing
45.0,0.0,18.0,0.0,10.25,0.83,standing
45.0,0.0,15.5,0.5,11.67,0.47,standing
44.33,0.47,16.0,0.82,12.25,0.43,standing
44.5,0.5,17.0,0.71,11.75,0.43,standing
44.5,0.5,17.75,0.43,11.25,0.83,standing
44.75,0.43,18.0,0.0,11.75,0.43,standing
44.75,0.43,17.75,0.43,10.5,1.12,standing
44.75,0.43,17.25,0.83,8.75,1.48,standing
45.0,0.0,15.0,0.0,10.5,0.5,standing
44.4,0.49,15.0,0.0,10.0,1.1,standing
44.5,0.5,15.75,0.83,7.0,0.0,standing
44.25,0.83,16.67,0.94,6.67,2.62,standing
44.25,0.43,15.0,0.0,10.25,1.09,standing
44.33,0.47,16.25,1.3,12.0,0.82,standing
44.25,0.43,17.75,0.43,11.75,0.43,standing
45.0,0.0,18.25,0.43,11.75,0.83,standing
44.67,0.47,18.0,0.0,12.75,0.83,standing
44.75,0.43,15.75,0.83,13.75,1.48,standing
45.0,0.0,12.75,1.3,13.0,2.24,standing
45.0,0.0,8.5,2.87,9.75,1.48,standing
44.75,0.43,9.25,1.09,8.0,1.87,standing
43.75,1.09,8.25,1.3,11.5,1.5,standing
42.75,0.43,12.5,1.12,11.0,0.0,standing
43.75,0.43,15.0,0.0,8.67,1.25,standing
44.5,0.5,15.33,0.47,6.0,0.82,standing
45.0,0.0,17.25,0.43,10.5,0.5,standing
45.0,0.0,17.75,0.43,10.75,1.09,standing
45.0,0.0,17.33,0.47,11.5,0.5,standing
44.5,0.5,16.75,0.83,10.25,0.43,standing
44.5,0.5,15.75,0.83,9.75,0.43,standing
44.5,0.5,17.25,1.3,10.75,1.09,standing
44.5,0.5,17.5,0.5,10.5,0.87,standing
44.5,0.5,16.75,0.43,8.25,1.3,standing
44.5,0.5,16.25,0.83,7.0,1.41,standing
44.75,0.43,15.0,0.0,6.33,0.47,standing
44.5,0.5,15.0,0.0,7.4,1.02,standing
44.75,0.43,15.0,0.0,7.33,1.7,standing
44.67,0.47,15.0,0.0,6.67,1.89,standing
44.67,0.47,15.5,0.87,7.5,0.5,standing
44.33,0.47,17.33,0.47,7.25,1.64,standing
44.5,0.5,18.0,0.0,9.0,0.71,standing
44.5,0.5,18.0,0.0,10.0,0.71,standing
44.75,0.43,16.0,1.0,9.25,0.43,standing
44.75,0.43,15.33,0.47,10.33,1.25,standing
44.5,0.5,15.5,0.5,9.0,1.22,standing
44.5,0.5,15.25,0.43,9.5,1.5,standing
44.33,0.47,16.0,0.0,11.0,0.82,standing
44.5,0.5,15.2,0.4,7.5,2.69,standing
44.5,0.5,14.67,0.47,6.67,0.94,standing
44.5,0.5,14.25,0.83,6.75,1.09,standing
44.67,0.47,15.25,0.43,8.67,1.25,standing
44.5,0.5,15.0,0.0,8.5,0.87,standing
44.33,0.47,15.0,0.0,7.0,0.0,standing
44.5,0.5,14.75,0.43,4.33,2.62,standing
44.75,0.43,16.25,0.83,5.0,2.16,standing
44.5,0.5,16.5,0.87,9.0,2.35,standing
45.0,0.0,17.25,0.83,8.25,1.48,standing
45.0,0.0,16.75,1.3,8.0,1.58,standing
45.0,0.0,16.75,1.3,8.25,1.92,standing
45.0,0.0,16.25,0.43,10.75,1.92,standing
43.75,1.09,15.25,1.09,12.25,0.43,standing
41.75,0.43,12.0,0.0,9.67,1.25,standing
40.33,1.25,12.0,0.0,10.0,0.82,standing
39.0,0.0,10.67,1.25,9.0,2.35,standing
39.33,0.47,14.67,0.47,7.0,1.22,standing
39.75,0.83,17.25,0.83,9.75,1.3,standing
39.75,0.83,17.75,0.43,8.0,1.22,standing
39.25,0.43,17.75,0.43,11.25,1.3,standing
39.0,0.0,17.75,1.09,8.5,3.91,standing
39.0,0.0,16.25,1.09,4.75,1.79,standing
39.5,0.5,15.5,1.12,4.5,3.57,standing
41.25,0.43,17.25,0.83,6.0,2.83,standing
41.75,0.43,16.0,1.41,10.0,0.0,standing
42.0,0.0,16.75,1.3,6.0,1.0,standing
41.75,0.43,20.0,1.0,8.67,1.25,standing
41.5,0.5,18.5,0.87,6.75,2.28,standing
41.0,0.82,16.67,0.47,3.0,1.22,standing
40.8,0.75,14.0,1.67,6.0,1.41,standing
40.33,0.47,14.0,1.41,11.0,1.87,standing
40.0,0.82,13.67,0.47,12.5,0.87,standing
40.5,0.5,16.0,1.63,7.33,1.25,standing
41.25,0.43,18.0,0.0,10.5,0.87,standing
42.0,0.0,17.75,0.43,9.25,1.3,standing
42.0,0.0,14.5,0.87,8.0,2.92,standing
41.5,0.5,13.33,1.25,10.0,1.41,standing
41.5,0.5,16.5,1.5,12.0,0.0,standing
41.67,0.47,14.75,2.17,6.5,2.5,standing
42.0,0.0,16.75,0.83,11.25,1.48,standing
42.0,0.0,16.5,1.12,13.0,1.87,standing
42.0,0.0,15.75,1.92,12.75,1.48,standing
42.0,0.0,13.75,0.83,9.0,0.82,standing
42.0,0.0,14.5,1.12,10.75,1.09,standing
42.0,0.0,13.67,0.47,9.75,0.83,standing
42.0,0.0,16.33,1.7,8.5,0.5,standing
42.0,0.0,17.67,0.47,6.33,2.05,standing
42.0,0.0,16.0,1.22,9.75,0.43,standing
42.0,0.0,15.25,0.43,11.0,1.58,standing
42.0,0.0,15.0,0.0,6.5,1.5,standing
42.0,0.0,15.0,0.71,2.25,1.09,standing
42.0,0.0,16.0,1.0,6.25,1.48,standing
42.0,0.0,15.33,0.47,8.67,1.25,standing
42.0,0.0,16.0,1.41,9.0,1.0,standing
42.0,0.0,17.5,0.5,5.67,2.05,standing
42.0,0.0,17.67,0.47,6.5,2.5,standing
42.0,0.0,14.0,1.58,6.5,0.5,standing
42.0,0.0,14.0,1.0,4.0,2.24,standing
42.0,0.0,16.0,1.22,2.5,1.12,standing
42.0,0.0,15.0,0.0,9.0,1.41,standing
42.0,0.0,16.75,0.43,12.5,0.5,standing
42.0,0.0,16.5,0.87,9.33,1.25,standing
42.0,0.0,16.25,1.3,10.33,1.25,standing
42.0,0.0,17.5,0.5,9.0,0.71,standing
42.0,0.0,17.67,2.05,8.67,0.47,standing
42.0,0.0,16.33,1.25,12.5,0.5,standing
41.33,0.47,14.67,0.47,10.5,1.12,standing
41.75,0.43,13.25,1.09,5.67,1.25,standing
42.0,0.0,14.25,0.83,3.0,2.0,standing
42.25,0.43,15.33,0.94,5.0,0.82,standing
42.25,0.43,17.0,0.82,6.67,0.47,standing
42.5,0.5,19.0,1.0,9.75,0.83,standing
43.33,0.47,20.75,0.43,9.33,1.7,standing
44.0,0.71,20.67,0.47,8.33,1.7,standing
44.0,0.71,19.5,1.5,10.75,1.09,standing
43.6,0.49,20.0,0.71,12.6,1.02,standing
43.33,0.94,18.5,0.5,11.67,2.05,standing
44.25,0.43,19.5,0.87,14.25,1.48,standing
44.0,0.0,20.0,0.82,12.0,0.0,standing
43.25,0.43,19.0,0.0,11.5,1.5,standing
42.5,0.5,16.5,1.12,3.25,2.28,standing
42.25,0.43,16.0,1.22,4.5,0.5,standing
42.0,0.0,16.75,1.3,2.0,0.82,standing
42.0,0.0,17.0,0.0,6.67,2.05,standing
42.33,0.47,17.0,1.87,6.67,4.03,standing
42.25,0.43,15.75,0.83,11.75,1.79,standing
42.33,0.47,18.0,0.0,9.75,1.48,standing
43.25,0.43,17.75,0.43,9.25,1.09,standing
43.5,0.5,16.75,0.83,9.75,1.48,standing
43.75,0.43,16.75,0.83,11.5,0.5,standing
43.75,0.43,17.5,1.12,11.0,1.0,standing
43.75,0.43,19.75,1.09,10.0,1.0,standing
44.5,0.5,20.0,1.0,10.0,0.71,standing
44.5,0.5,18.75,0.83,7.75,1.3,standing
44.5,0.5,18.25,0.43,4.0,0.0,standing
44.75,0.43,18.33,0.47,4.0,0.82,standing
44.75,0.43,18.5,0.87,4.5,0.5,standing
45.0,0.0,18.25,0.43,6.33,1.25,standing
44.75,0.43,18.75,0.43,9.0,1.22,standing
45.0,0.0,18.67,0.47,10.25,0.83,standing
44.5,0.5,18.5,0.5,9.25,0.83,standing
45.0,0.0,18.25,0.43,10.5,1.12,standing
44.75,0.43,18.75,0.83,10.75,0.43,standing
45.0,0.0,17.67,0.47,10.5,0.5,standing
44.5,0.5,18.5,0.87,10.25,0.43,standing
44.75,0.43,18.0,0.0,10.0,0.71,standing
44.5,0.5,18.0,0.0,7.67,1.25,standing
44.67,0.47,18.75,0.83,7.0,1.41,standing
44.5,0.5,17.75,0.43,4.75,0.83,standing
44.5,0.5,17.5,0.5,2.5,0.5,standing
44.67,0.47,18.0,0.0,5.0,3.08,standing
44.75,0.43,18.0,0.0,11.0,1.22,standing
45.0,0.0,18.25,0.43,9.0,1.0,standing
45.0,0.0,18.0,0.0,7.0,1.58,standing
45.0,0.0,18.0,0.0,8.75,0.43,standing
45.0,0.0,18.0,0.0,9.75,0.83,standing
45.0,0.0,18.0,0.0,6.67,0.47,standing
45.0,0.0,18.5,0.5,8.25,0.43,standing
45.0,0.0,17.0,1.0,9.5,1.12,standing
45.0,0.0,18.0,0.71,8.67,0.94,standing
45.0,0.0,16.5,1.12,8.5,0.87,standing
45.0,0.0,16.33,1.25,6.0,1.41,standing
45.0,0.0,16.75,0.43,3.33,2.62,standing
44.75,0.43,18.0,0.0,7.75,1.09,standing
44.25,0.83,17.75,0.43,5.25,1.48,standing
43.25,0.83,18.0,0.0,6.25,0.83,standing
42.75,0.83,17.5,0.5,5.25,1.92,standing
42.25,0.43,16.75,1.3,7.0,2.24,standing
41.75,0.43,17.75,0.43,6.0,1.87,standing
39.75,1.48,16.0,1.41,4.33,2.87,standing
38.75,0.43,14.5,0.5,6.0,0.0,standing
40.67,1.25,14.25,0.83,12.67,1.7,standing
43.5,1.12,16.75,1.09,16.0,1.22,standing
45.8,0.75,18.0,0.0,17.6,0.8,standing
45.33,0.47,17.5,1.5,15.0,2.45,standing
39.75,1.3,16.33,1.25,10.0,1.41,standing
37.0,0.0,18.0,0.0,9.5,2.5,standing
37.0,0.0,18.0,0.0,9.5,2.5,standing
38.86,0.52,17.43,1.12,14.57,2.69,standing
38.86,0.52,17.43,1.12,14.57,2.69,standing
39.5,0.5,13.0,1.22,13.0,2.12,standing
38.75,1.09,17.0,0.0,3.5,0.5,standing
37.0,0.71,16.33,0.94,2.5,1.5,standing
37.0,1.0,12.0,3.0,10.75,2.95,standing
37.0,0.0,15.5,0.5,16.0,0.0,standing
36.4,0.49,14.75,0.43,17.6,1.02,standing
37.0,0.82,14.5,0.5,18.67,0.47,standing
37.25,1.09,14.25,1.3,16.75,1.64,standing
36.75,0.83,9.5,3.5,8.5,2.29,standing
37.67,1.25,15.67,0.47,6.0,3.08,standing
40.75,1.3,14.25,1.79,10.0,1.22,standing
42.0,0.0,18.0,1.87,10.25,0.83,standing
41.25,0.83,18.0,0.0,12.0,2.12,standing
39.75,0.83,17.25,1.3,13.0,1.0,standing
38.0,1.0,16.25,1.3,5.5,3.64,standing
38.0,1.0,14.75,0.43,9.0,0.82,standing
38.5,0.5,9.33,2.05,11.0,0.82,standing
38.33,0.94,8.0,2.74,9.0,0.82,standing
40.0,0.71,16.0,1.0,8.33,0.47,standing
42.25,1.09,18.5,0.5,4.33,3.4,standing
45.0,0.0,18.0,0.0,12.25,1.79,standing
45.5,0.5,17.0,0.71,15.25,0.43,standing
45.5,0.5,19.25,1.09,15.25,0.43,standing
44.75,1.79,20.5,0.5,13.75,1.09,standing
39.5,1.5,18.0,1.41,9.0,2.55,standing
40.0,1.0,15.0,0.0,9.5,0.5,standing
41.67,0.47,15.5,0.5,12.33,0.47,standing
40.0,0.71,17.25,0.83,12.0,0.0,standing
40.33,0.47,17.0,0.82,9.25,0.43,standing
42.5,0.87,18.25,0.43,8.0,1.0,standing
45.0,0.0,18.0,0.0,10.0,1.22,standing
45.0,0.0,17.25,0.83,9.25,0.43,standing
44.75,0.43,15.5,0.5,9.0,0.71,standing
44.5,0.5,15.0,0.0,5.0,2.94,standing
44.75,0.43,15.67,0.47,2.0,0.0,standing
45.0,0.0,15.0,0.71,6.0,1.41,standing
45.0,0.0,13.33,1.25,7.75,0.83,standing
45.0,0.0,19.25,1.48,10.75,1.79,standing
43.5,1.12,19.25,1.3,16.25,3.27,standing
41.25,0.83,15.75,0.83,20.25,0.83,standing
41.5,0.5,14.5,0.5,17.5,1.12,standing
41.25,0.83,14.0,0.0,17.33,0.87,standing
41.0,1.22,12.33,0.47,18.67,0.47,standing
38.5,1.12,11.5,0.5,19.5,0.5,standing
37.33,1.25,12.0,0.0,21.33,0.47,standing
36.67,0.47,13.25,0.43,21.0,0.0,standing
36.0,0.0,13.67,1.25,20.0,1.22,standing
36.75,0.43,18.0,0.0,17.75,1.48,standing
38.0,0.71,15.75,1.3,20.25,0.43,standing
38.5,0.5,13.5,1.12,9.5,3.84,standing
39.75,0.83,13.75,2.38,6.75,3.03,standing
42.0,0.0,16.5,1.5,9.0,3.08,standing
42.5,0.5,15.5,0.87,9.5,0.5,standing
42.25,0.43,17.67,0.47,7.67,0.47,standing
42.5,0.5,16.5,1.12,8.5,0.87,standing
42.5,0.5,15.0,0.0,8.67,0.47,standing
42.8,0.75,17.2,1.33,9.5,2.06,standing
42.33,0.47,20.33,0.94,12.0,0.0,standing
42.5,0.5,19.75,0.43,12.0,0.71,standing
43.0,0.71,19.75,0.83,8.25,2.17,standing
42.25,0.43,21.0,0.0,6.75,1.79,standing
42.25,0.43,20.67,0.47,9.33,0.47,standing
42.25,0.43,15.5,1.8,11.0,1.22,standing
42.25,0.43,14.25,0.83,9.5,2.5,standing
42.5,0.5,13.0,0.82,12.67,0.94,standing
42.67,0.47,9.25,1.09,12.0,0.82,standing
42.67,0.47,14.5,1.8,7.0,1.63,standing
43.33,0.47,18.33,0.47,11.0,1.41,standing
43.25,0.83,18.0,0.0,12.5,0.87,standing
43.5,0.5,17.75,0.43,13.0,0.71,standing
44.25,0.43,18.5,0.87,11.5,0.87,standing
44.0,0.71,19.0,1.22,5.33,2.62,standing
43.0,0.71,13.75,2.38,4.25,2.59,standing
42.25,0.43,17.75,1.79,14.25,6.65,standing
39.0,2.12,16.75,1.79,17.75,1.64,standing
38.0,0.0,18.5,0.5,16.0,1.0,standing
37.6,1.2,13.6,1.36,16.5,1.12,standing
41.75,0.43,10.5,5.59,14.0,1.41,standing
43.0,0.71,17.25,0.83,21.25,3.03,standing
44.33,0.47,11.0,2.94,16.25,6.1,standing
43.25,0.83,11.5,0.87,9.75,4.49,standing
43.75,1.3,13.25,2.38,12.75,1.48,standing
43.0,1.22,17.25,0.83,16.0,0.0,standing
42.25,0.43,14.0,2.55,17.75,1.79,standing
42.5,0.5,8.67,4.64,9.67,5.56,standing
42.5,0.5,17.0,2.35,18.75,2.49,standing
42.0,0.0,10.0,3.39,12.25,1.48,standing
42.0,0.0,14.25,0.83,11.25,1.48,standing
42.0,0.0,10.0,2.12,6.0,2.12,standing
43.0,0.71,6.33,3.3,12.67,1.89,standing
44.67,0.47,15.0,1.87,17.33,0.47,standing
44.5,0.5,18.25,0.43,18.25,0.43,standing
44.33,0.47,19.67,0.47,19.25,0.83,standing
44.5,0.5,19.0,0.0,18.0,0.71,standing
44.5,0.5,17.75,0.43,16.0,1.0,standing
45.0,0.0,14.5,1.5,13.75,1.3,standing
45.0,0.0,11.75,0.43,14.0,1.0,standing
45.0,0.0,11.25,0.43,14.5,1.5,standing
44.75,0.43,9.33,0.47,15.67,0.94,standing
44.5,0.5,11.5,0.87,15.75,1.09,standing
44.75,0.43,12.0,0.0,16.0,1.0,standing
45.0,0.0,12.0,0.0,15.67,0.47,standing
44.75,0.43,14.5,1.12,15.5,0.5,standing
45.0,0.0,16.33,0.47,15.25,0.43,standing
45.0,0.0,18.0,0.0,15.0,0.0,standing
45.0,0.0,18.0,0.0,13.25,1.09,standing
45.0,0.0,18.0,0.0,12.0,0.0,standing
45.0,0.0,18.0,0.0,11.75,0.43,standing
45.0,0.0,19.5,0.87,12.75,0.83,standing
44.75,0.43,20.75,0.43,15.25,1.79,standing
44.5,0.5,21.0,0.0,17.75,0.43,standing
44.5,0.5,20.25,0.43,17.75,0.43,standing
44.75,0.43,19.5,0.5,16.5,0.5,standing
45.0,0.0,19.5,0.5,15.75,0.83,standing
45.0,0.0,20.33,0.47,15.33,0.47,standing
45.0,0.0,20.25,0.43,16.0,0.82,standing
45.0,0.0,19.75,0.43,15.67,0.47,standing
45.0,0.0,18.25,0.43,15.75,0.83,standing
45.0,0.0,18.0,0.0,15.5,0.5,standing
45.0,0.0,16.75,0.43,14.25,0.83,standing
45.0,0.0,16.75,0.43,13.33,1.25,standing
45.0,0.0,17.75,0.43,13.0,1.22,standing
45.0,0.0,18.0,0.0,14.75,1.09,standing
45.0,0.0,18.0,0.0,13.25,0.83,standing
45.0,0.0,17.75,0.43,13.0,1.0,standing
45.0,0.0,16.75,0.43,13.5,0.87,standing
45.0,0.0,16.0,0.0,12.75,0.43,standing
45.0,0.0,16.25,0.43,12.0,0.0,standing
45.0,0.0,17.0,0.0,12.0,0.0,standing
35.0,3.67,16.5,3.77,14.0,1.63,walking
28.5,3.35,17.5,3.77,12.25,3.9,walking
35.5,2.87,15.75,2.86,17.75,5.07,walking
29.75,12.19,16.25,2.17,20.75,2.59,walking
27.0,2.12,16.75,0.83,24.75,1.64,walking
36.0,5.61,12.25,2.28,19.25,2.68,walking
38.5,4.33,16.0,5.7,15.25,2.38,walking
35.25,2.49,16.0,1.41,15.0,2.83,walking
35.75,7.05,11.0,4.42,12.5,8.08,walking
36.0,7.04,15.0,2.12,16.75,4.02,walking
23.75,5.49,12.33,2.05,16.75,5.31,walking
37.0,5.05,16.67,2.36,17.0,1.41,walking
39.5,2.18,20.67,2.05,15.67,6.13,walking
36.5,2.29,21.33,1.89,12.0,2.45,walking
31.5,7.23,17.25,5.07,15.0,3.54,walking
33.0,5.72,20.25,0.83,14.33,9.74,walking
30.4,2.33,19.5,2.06,22.2,3.31,walking
37.5,4.97,12.0,4.74,13.25,3.03,walking
41.33,0.94,18.5,4.09,11.67,7.76,walking
38.5,0.5,19.0,2.0,16.5,1.5,walking
38.5,0.5,19.0,2.0,16.5,1.5,walking
36.15,3.74,16.5,4.17,14.69,6.12,walking
36.15,3.74,16.5,4.17,14.69,6.12,walking
32.0,2.74,17.67,3.68,15.0,2.16,walking
41.25,3.77,15.25,1.79,17.5,1.5,walking
38.5,0.5,15.5,3.28,18.5,1.12,walking
36.0,3.67,14.5,2.18,16.75,2.38,walking
40.75,6.38,12.25,6.61,14.0,5.52,walking
28.5,1.12,15.25,4.09,14.25,5.12,walking
25.25,3.63,14.67,4.92,16.67,1.89,walking
39.0,3.54,16.75,3.27,19.25,2.38,walking
29.25,5.67,13.0,5.83,16.0,1.22,walking
25.67,4.19,17.67,2.05,17.5,3.5,walking
39.0,3.54,13.75,2.59,18.75,1.79,walking
30.0,0.71,14.0,2.92,19.0,4.06,walking
24.5,3.57,15.5,3.35,16.25,6.3,walking
38.25,5.8,12.0,2.55,18.0,2.74,walking
37.5,1.5,15.33,1.25,18.0,1.63,walking
35.33,1.7,16.0,1.41,17.25,3.56,walking
40.25,3.63,13.75,5.31,15.25,5.67,walking
33.75,6.53,5.5,4.15,16.25,4.55,walking
31.75,1.3,16.75,5.17,12.75,8.26,walking
36.75,3.34,14.75,2.17,16.5,3.84,walking
40.5,1.5,17.75,3.11,17.0,2.45,walking
37.75,1.09,16.75,3.49,22.0,2.35,walking
41.0,2.74,9.5,4.92,14.75,3.56,walking
34.5,6.18,13.33,3.4,12.25,7.08,walking
28.67,1.7,19.67,1.25,17.5,0.5,walking
36.0,6.36,14.0,4.06,19.25,1.09,walking
41.0,2.55,10.33,6.24,14.25,3.34,walking
37.5,1.5,16.25,3.83,17.0,3.24,walking
39.0,4.9,21.0,0.0,12.0,3.0,walking
35.67,6.13,11.25,6.18,17.67,4.11,walking
23.25,8.7,10.75,4.15,15.0,6.0,walking
38.0,5.2,17.75,3.11,12.75,5.26,walking
38.67,1.89,16.33,1.25,12.75,2.49,walking
35.33,1.7,21.33,0.47,18.0,1.41,walking
37.5,1.5,20.75,1.09,12.75,5.31,walking
34.25,5.07,12.5,0.87,18.5,4.09,walking
32.0,3.24,12.25,5.63,18.25,6.3,walking
31.5,6.87,14.33,3.3,14.33,3.3,walking
40.75,2.68,14.33,4.99,17.0,1.41,walking
36.5,2.5,21.25,0.43,15.0,4.3,walking
37.67,1.25,18.5,2.18,22.33,1.25,walking
39.25,6.61,20.75,0.43,18.0,3.08,walking
29.67,2.05,17.0,1.0,22.67,1.7,walking
25.75,3.27,14.75,2.86,14.5,7.23,walking
35.75,5.21,19.75,1.79,21.0,0.71,walking
33.75,1.3,14.25,6.42,17.75,3.7,walking
34.25,2.38,13.0,6.12,13.5,8.14,walking
40.25,5.45,14.75,2.68,20.0,3.0,walking
28.75,4.09,16.75,3.77,20.75,3.42,walking
26.25,6.14,12.5,6.06,20.75,5.21,walking
40.5,2.69,16.33,4.11,25.0,1.41,walking
36.75,2.28,20.25,4.49,19.0,5.2,walking
35.67,4.03,15.0,4.12,19.33,1.89,walking
36.0,9.82,15.0,2.12,15.75,3.9,walking
32.75,2.05,16.0,3.67,19.25,2.28,walking
22.33,4.11,20.67,0.47,21.5,2.87,walking
36.0,4.74,14.75,2.68,17.5,4.92,walking
38.0,1.22,21.5,2.5,20.25,3.11,walking
36.5,0.5,19.25,2.17,19.0,1.22,walking
37.75,5.49,19.0,2.74,14.5,3.77,walking
36.0,6.75,14.75,3.27,17.25,4.97,walking
29.0,2.74,16.25,3.11,17.75,5.36,walking
39.0,6.71,17.5,3.28,19.0,2.35,walking
39.25,2.86,18.0,1.63,8.67,3.3,walking
35.5,4.15,13.25,1.09,17.0,4.24,walking
41.33,1.25,18.0,2.12,11.33,8.18,walking
28.33,5.79,14.67,3.09,16.5,4.15,walking
28.5,5.41,17.75,2.17,15.5,3.57,walking
30.0,5.79,17.25,1.92,19.5,3.35,walking
38.75,3.49,19.25,1.79,17.5,4.33,walking
35.25,1.3,14.0,4.64,15.75,1.3,walking
37.75,4.38,11.0,5.7,12.33,2.05,walking
33.0,8.15,12.67,0.94,18.0,4.3,walking
25.0,4.24,12.25,4.71,11.0,3.74,walking
31.25,10.11,14.75,3.96,15.5,4.27,walking
34.0,2.92,15.0,3.0,21.5,0.5,walking
29.67,2.87,15.5,7.3,11.0,2.83,walking
34.5,4.5,15.75,2.49,15.75,4.32,walking
28.8,1.94,12.0,1.22,18.2,2.64,walking
25.33,3.68,16.25,4.82,11.67,4.5,walking
38.25,7.08,15.75,4.66,13.75,3.03,walking
36.75,3.9,17.5,3.5,16.25,1.92,walking
35.75,3.83,19.67,3.68,18.67,2.62,walking
32.67,8.34,11.0,3.27,20.0,2.55,walking
37.5,3.64,15.25,3.42,17.0,8.22,walking
24.75,5.67,17.5,4.56,21.25,3.7,walking
29.5,7.79,16.75,1.48,8.75,4.26,walking
39.75,3.27,18.0,3.0,7.33,4.78,walking
37.75,1.09,18.75,1.79,12.25,2.86,walking
37.75,3.7,15.5,4.39,10.75,1.79,walking
33.5,8.41,14.67,4.92,18.33,2.36,walking
27.75,3.34,16.4,2.06,13.2,3.76,walking
34.5,6.18,14.0,3.56,11.67,3.68,walking
42.5,3.35,16.75,1.79,18.0,1.87,walking
40.33,0.94,23.0,1.22,14.33,0.94,walking
39.33,0.94,17.25,2.28,15.5,5.5,walking
38.0,8.12,12.5,0.87,15.5,3.5,walking
31.0,2.83,17.33,2.49,19.25,3.7,walking
27.25,6.94,14.5,5.72,19.25,3.03,walking
37.75,8.81,18.25,3.34,19.0,2.45,walking
37.75,2.77,22.5,1.12,20.5,1.5,walking
36.5,2.29,17.67,4.03,17.25,1.48,walking
36.25,6.91,12.67,1.7,16.25,1.64,walking
27.25,5.36,10.25,5.07,16.33,2.36,walking
27.75,2.49,16.0,2.55,15.75,4.82,walking
39.75,5.36,16.0,2.83,21.0,0.0,walking
35.5,1.5,19.25,2.95,16.0,2.45,walking
36.75,2.49,16.33,1.89,15.33,2.49,walking
41.5,5.68,15.0,3.0,16.75,5.89,walking
30.0,2.45,13.75,4.15,15.0,3.56,walking
27.33,3.77,12.0,3.27,15.25,4.02,walking
30.5,7.89,14.75,2.05,15.0,2.12,walking
35.5,1.5,18.5,1.5,13.5,5.5,walking
36.0,0.0,17.75,4.6,13.75,5.07,walking
39.0,4.12,13.25,3.7,14.25,2.59,walking
36.0,7.65,19.25,3.63,19.0,4.42,walking
27.5,2.29,15.0,2.55,13.75,8.47,walking
34.75,7.15,12.75,4.87,20.0,0.82,walking
40.0,2.55,15.0,3.0,15.0,2.16,walking
36.5,2.29,18.5,3.57,11.75,7.79,walking
38.0,1.63,18.75,2.86,18.33,3.09,walking
40.75,6.34,16.0,1.22,15.67,4.5,walking
27.0,4.24,15.67,3.3,17.0,4.53,walking
31.75,5.36,13.0,3.56,14.75,2.77,walking
40.25,3.03,18.5,1.5,18.25,0.83,walking
39.75,1.3,16.5,2.6,20.0,2.12,walking
36.0,4.64,16.5,3.35,17.67,2.36,walking
39.0,4.24,16.25,3.49,18.75,4.97,walking
30.25,2.17,15.5,2.6,20.0,2.55,walking
28.75,4.97,17.0,2.92,17.25,5.12,walking
38.5,3.28,11.25,4.32,20.0,2.35,walking
37.5,1.12,14.33,1.25,14.0,7.87,walking
37.5,4.5,16.75,2.49,13.75,3.03,walking
37.0,7.07,15.5,2.87,18.67,4.99,walking
29.5,3.57,13.0,5.15,17.0,1.58,walking
23.0,4.55,14.0,1.41,8.0,2.16,walking
37.5,6.18,16.75,2.17,14.75,2.17,walking
36.0,4.24,16.0,2.16,20.25,1.48,walking
33.0,2.12,16.0,2.12,19.0,2.24,walking
36.5,6.06,10.0,3.94,12.33,3.86,walking
34.5,6.54,10.0,3.67,16.5,2.06,walking
27.0,3.54,13.0,5.1,9.25,5.49,walking
32.0,5.87,13.5,5.32,16.0,2.45,walking
37.75,1.3,18.75,4.76,14.25,5.07,walking
33.0,4.74,14.67,2.05,15.67,4.03,walking
40.0,3.0,13.0,5.83,19.0,2.74,walking
37.0,1.41,18.25,2.86,15.33,6.6,walking
23.33,1.7,14.5,4.09,24.0,0.0,walking
31.0,2.83,16.0,4.55,16.5,3.2,walking
39.25,1.79,16.25,1.79,11.75,0.43,walking
36.75,4.49,14.75,3.7,16.0,2.35,walking
35.75,1.64,15.25,4.09,16.5,3.04,walking
30.25,8.41,21.33,1.25,19.5,1.5,walking
25.75,2.49,17.25,2.59,16.33,3.68,walking
36.33,3.09,14.0,4.0,17.0,5.66,walking
37.33,1.89,20.0,0.82,17.25,1.48,walking
36.67,3.3,20.5,2.6,13.0,0.82,walking
35.33,3.86,19.25,2.77,15.67,2.49,walking
38.25,3.9,18.75,2.49,15.0,3.0,walking
25.5,2.69,17.33,4.99,15.0,3.08,walking
32.75,2.17,17.0,3.24,16.0,1.87,walking
39.75,1.3,12.25,4.66,18.75,3.7,walking
35.0,1.41,17.0,4.97,15.5,3.35,walking
36.5,2.87,14.5,4.72,14.5,5.41,walking
39.25,5.21,15.25,1.92,18.75,3.9,walking
26.75,4.09,15.25,4.44,21.75,1.79,walking
28.25,4.6,17.25,5.76,20.5,3.91,walking
35.75,2.77,19.0,4.58,14.0,2.12,walking
35.75,0.43,18.75,4.82,13.0,4.42,walking
40.25,2.77,20.33,1.7,15.67,4.99,walking
34.67,4.5,20.25,4.49,19.33,3.3,walking
24.4,5.16,15.0,4.95,15.4,2.8,walking
28.0,2.83,18.0,2.92,14.33,2.62,walking
38.75,3.9,20.25,3.77,12.0,5.61,walking
33.5,3.5,19.0,4.06,15.75,4.82,walking
38.0,1.41,18.0,0.0,15.5,3.77,walking
37.0,4.06,14.25,2.49,17.75,4.55,walking
27.0,2.12,8.67,8.73,18.25,1.79,walking
37.25,3.49,19.5,1.12,14.0,3.56,walking
41.0,3.24,15.0,6.44,14.5,3.35,walking
35.0,4.18,20.5,0.5,18.5,3.57,walking
30.5,10.64,13.25,8.04,15.0,0.0,walking
30.25,7.92,13.67,1.25,12.33,6.13,walking
29.25,3.9,13.25,7.43,22.75,1.3,walking
30.5,10.78,15.5,3.91,14.75,3.7,walking
40.0,4.18,15.25,2.38,15.0,2.12,walking
36.0,2.12,18.5,1.5,18.33,1.25,walking
37.25,3.7,18.25,2.05,18.25,3.27,walking
28.75,8.67,18.0,2.24,17.5,2.29,walking
25.5,2.5,11.0,1.0,14.67,2.62,walking
29.4,6.95,16.2,4.07,15.75,2.59,walking
40.75,4.76,19.0,2.0,12.0,3.54,walking
32.25,0.83,17.5,2.87,19.0,4.18,walking
35.75,3.49,16.0,7.07,18.0,2.45,walking
36.4,7.26,17.75,4.44,17.8,1.72,walking
26.5,5.02,17.5,2.6,22.25,3.27,walking
32.75,3.7,17.5,1.5,13.33,1.89,walking
36.75,4.44,14.75,5.58,19.5,4.5,walking
32.0,1.22,14.75,5.76,18.25,3.27,walking
36.0,0.0,14.75,2.95,18.33,3.68,walking
37.0,5.1,14.25,3.27,19.67,2.87,walking
28.67,1.25,14.67,3.77,20.0,1.73,walking
28.25,2.38,19.5,3.2,21.0,0.71,walking
39.67,5.31,15.33,6.18,16.0,5.96,walking
38.5,1.5,15.5,2.29,18.75,2.77,walking
37.5,3.35,15.0,5.61,19.25,2.05,walking
31.33,9.88,10.25,2.68,19.0,1.41,walking
26.0,5.24,11.25,5.8,16.5,3.2,walking
31.0,10.46,14.0,1.73,19.5,2.6,walking
41.0,3.0,18.25,3.96,15.67,4.11,walking
38.75,1.79,15.0,3.08,15.67,3.86,walking
36.25,3.19,9.0,2.74,17.75,1.3,walking
35.75,6.61,14.25,4.92,14.75,6.14,walking
25.25,1.92,17.67,2.62,22.33,2.36,walking
32.0,9.09,15.0,2.16,18.25,1.79,walking
37.0,0.82,18.33,2.49,13.25,3.63,walking
37.25,1.3,16.67,0.47,20.5,3.35,walking
40.0,0.0,15.5,4.15,17.67,4.5,walking
35.33,3.3,12.75,4.82,23.5,0.5,walking
25.0,1.41,16.5,4.5,19.5,4.03,walking
27.75,6.87,17.25,4.71,18.0,2.12,walking
33.25,3.83,15.0,1.87,13.0,6.12,walking
29.67,1.7,14.5,5.41,18.33,6.02,walking
33.0,3.94,14.75,2.17,15.5,5.94,walking
31.0,6.6,18.75,4.15,19.25,2.49,walking
27.25,1.92,20.5,2.29,20.0,1.41,walking
37.0,5.05,14.0,6.04,17.0,4.06,walking
37.0,5.74,18.75,4.44,18.5,1.5,walking
32.75,3.63,16.0,1.0,20.0,2.24,walking
33.75,8.58,14.0,2.83,13.0,2.45,walking
36.0,6.36,14.0,4.06,19.25,5.36,walking
24.33,2.87,17.0,2.16,18.0,7.12,walking
37.0,5.34,9.0,1.87,15.5,0.5,walking
39.33,2.49,16.0,6.16,15.25,3.49,walking
35.4,2.8,15.75,6.76,17.75,2.77,walking
37.33,1.25,15.0,0.0,17.75,1.3,walking
36.25,4.02,18.0,2.74,13.0,3.94,walking
26.75,2.49,10.0,4.06,15.75,3.27,walking
31.0,3.74,17.75,5.63,17.0,5.1,walking
41.75,1.79,17.25,2.28,17.5,1.8,walking
36.5,4.33,14.5,2.87,19.5,3.35,walking
36.0,2.12,14.75,3.83,16.33,3.86,walking
38.75,2.77,16.5,3.2,16.5,7.43,walking
25.5,5.02,16.75,4.76,13.5,2.06,walking
29.75,2.95,13.75,6.46,18.75,5.54,walking
38.5,1.66,16.0,0.82,22.33,1.25,walking
36.0,2.45,15.75,4.44,19.33,2.36,walking
39.5,1.5,14.0,2.55,15.25,6.38,walking
32.75,5.63,9.67,6.55,17.75,1.48,walking
22.75,1.3,16.75,1.79,14.25,3.56,walking
28.5,14.5,14.5,3.5,20.75,2.77,walking
33.75,2.49,13.25,4.76,18.5,3.04,walking
32.5,4.15,18.0,2.16,15.25,1.79,walking
37.5,3.57,12.0,1.41,12.75,6.3,walking
32.5,7.4,12.25,3.27,16.0,5.7,walking
28.25,4.76,15.0,3.67,20.25,1.92,walking
28.75,5.07,14.25,3.34,16.25,4.44,walking
34.75,1.79,13.67,6.8,20.33,0.94,walking
33.75,4.02,17.0,3.74,15.67,1.7,walking
35.75,4.09,13.5,1.5,13.25,2.95,walking
40.5,3.35,19.33,1.7,21.33,2.05,walking
27.5,3.35,18.33,2.05,18.0,5.61,walking
24.67,1.7,19.0,2.16,14.0,5.1,walking
37.67,5.25,7.33,5.79,15.0,1.22,walking
41.25,3.27,16.25,3.42,15.0,2.12,walking
36.25,3.9,16.25,4.26,16.75,2.17,walking
37.33,3.09,10.0,5.0,17.0,2.0,walking
33.25,7.76,16.5,1.5,17.75,2.95,walking
29.0,1.41,14.0,1.41,9.0,0.0,walking
31.4,6.34,17.2,4.12,13.83,5.01,walking
40.5,3.35,16.0,2.12,12.25,2.86,walking
36.75,2.86,17.67,3.77,13.67,2.05,walking
36.25,5.63,15.5,2.29,20.25,2.49,walking
40.25,6.61,13.5,1.5,15.0,3.67,walking
30.5,3.77,17.0,3.67,15.5,3.28,walking
27.0,5.39,14.33,1.7,18.0,2.45,walking
41.5,4.27,17.0,3.74,16.75,1.64,walking
37.67,1.25,16.5,1.66,17.33,2.36,walking
35.25,1.3,14.5,5.17,12.5,2.18,walking
43.5,1.5,13.5,5.5,15.67,4.5,walking
27.33,4.64,11.33,4.11,19.25,1.3,walking
19.33,1.89,14.0,4.55,20.5,2.06,walking
35.25,6.5,14.0,6.96,14.75,4.26,walking
38.25,3.9,14.75,3.96,13.75,2.86,walking
33.0,3.67,13.25,4.44,15.5,3.2,walking
41.5,1.12,11.25,4.49,17.0,1.22,walking
29.5,1.8,12.5,0.5,26.0,1.41,walking
22.0,8.51,15.2,3.49,14.8,1.94,walking
34.0,6.71,15.75,4.32,17.25,1.3,walking
36.5,3.57,20.0,4.06,22.25,1.3,walking
35.25,1.3,17.0,5.1,15.33,3.4,walking
36.25,7.26,18.75,4.32,12.0,3.67,walking
34.67,9.46,13.75,7.63,17.33,6.85,walking
22.0,2.35,17.25,4.66,16.75,6.22,walking
28.5,1.66,16.0,5.7,16.0,4.3,walking
42.0,2.45,21.67,1.7,22.75,0.43,walking
37.75,1.3,16.75,5.85,12.0,6.68,walking
36.5,2.87,15.25,3.27,19.25,4.49,walking
38.25,6.83,11.0,5.39,17.5,4.61,walking
29.5,3.91,15.75,1.3,20.5,1.5,walking
32.0,6.2,19.5,3.35,18.5,2.29,walking
41.75,2.49,17.75,1.64,17.5,3.77,walking
39.5,2.87,19.0,4.0,16.0,2.12,walking
39.0,2.45,21.0,0.0,14.67,6.94,walking
40.0,5.87,17.67,4.5,16.33,4.19,walking
32.0,4.06,17.0,1.73,20.25,2.49,walking
30.25,3.27,16.5,3.35,18.0,4.9,walking
42.75,4.6,19.0,3.67,17.0,5.05,walking
37.25,1.3,19.5,1.5,14.75,8.58,walking
36.0,2.45,17.0,2.55,10.67,3.3,walking
42.0,3.0,18.25,2.17,15.5,1.5,walking
31.33,2.36,16.33,3.09,19.5,2.06,walking
26.25,3.11,13.0,3.94,17.5,4.27,walking
37.5,5.41,19.25,4.44,11.25,3.56,walking
38.0,3.24,16.75,3.27,14.5,7.26,walking
34.0,2.74,16.0,2.83,16.33,1.89,walking
41.33,2.49,15.0,0.0,20.0,1.0,walking
33.0,2.12,14.0,1.41,23.0,2.16,walking
26.0,5.35,16.5,3.35,19.0,2.45,walking
34.0,7.65,14.5,2.69,18.0,5.61,walking
35.5,5.36,12.75,2.86,13.25,7.43,walking
31.67,1.25,16.0,4.55,15.75,4.15,walking
38.67,0.47,18.33,1.25,11.67,3.4,walking
36.75,5.36,11.5,2.29,16.75,4.26,walking
25.25,2.28,18.0,2.94,18.67,3.3,walking
34.75,9.23,15.5,2.69,15.75,2.59,walking
39.5,3.28,12.67,5.79,17.0,0.82,walking
35.0,2.92,20.75,1.79,17.25,0.83,walking
33.75,7.98,18.2,4.12,16.4,3.07,walking
37.0,9.46,7.33,6.13,14.5,2.6,walking
32.75,3.27,16.75,3.27,22.0,1.22,walking
27.5,6.54,16.75,1.79,18.5,2.6,walking
41.0,4.53,18.67,1.7,15.0,2.45,walking
38.0,3.0,14.25,3.7,14.5,5.12,walking
36.5,2.29,11.5,5.02,13.0,5.05,walking
37.25,7.46,13.25,1.3,19.0,2.12,walking
26.75,3.9,11.0,1.63,21.67,1.7,walking
28.5,2.6,13.25,2.59,15.75,3.56,walking
41.33,3.86,15.25,2.38,18.0,2.16,walking
32.0,2.83,15.0,4.0,14.25,3.9,walking
33.75,4.49,17.0,2.24,17.5,2.69,walking
35.25,3.96,15.5,3.2,10.75,4.71,walking
26.0,1.41,13.0,1.41,16.0,2.12,walking
25.75,2.17,11.75,3.9,14.67,2.87,walking
34.25,5.07,18.25,2.17,14.0,3.67,walking
36.75,4.92,15.5,3.35,17.5,0.5,walking
32.5,2.29,13.5,4.72,11.0,5.34,walking
36.25,6.14,11.5,2.5,13.0,3.27,walking
34.25,7.4,9.0,3.74,16.67,0.94,walking
28.0,4.06,14.25,1.48,18.25,2.95,walking
28.0,2.74,15.5,6.18,14.75,3.7,walking
37.25,1.3,17.67,0.47,21.33,3.77,walking
30.75,1.3,14.5,6.34,21.5,0.87,walking
34.25,4.76,18.0,1.87,14.25,3.56,walking
40.0,5.1,20.75,0.43,12.67,4.92,walking
31.25,1.3,21.0,1.0,20.67,2.87,walking
29.25,2.49,16.25,3.42,18.0,2.45,walking
40.5,4.56,16.0,4.64,13.0,6.44,walking
39.25,2.17,22.0,1.41,14.5,3.35,walking
33.75,5.36,17.25,2.49,19.25,1.3,walking
39.25,2.17,18.75,3.77,18.5,2.6,walking
41.0,4.32,13.33,1.89,19.67,1.25,walking
26.5,3.28,15.25,1.3,25.25,3.63,walking
28.0,4.74,15.75,1.3,25.0,1.73,walking
41.0,5.0,11.0,3.0,17.25,4.92,walking
35.25,2.49,23.5,2.5,22.0,2.35,walking
35.5,3.2,16.5,4.03,20.25,1.3,walking
36.5,8.5,13.5,1.5,15.5,8.5,walking
34.2,7.96,16.0,5.44,21.75,2.77,walking
33.0,3.67,16.5,3.84,16.25,3.27,walking
38.0,2.83,12.0,5.61,12.33,2.87,walking
41.67,0.47,16.67,4.19,10.25,1.92,walking
38.0,2.83,11.0,6.68,15.75,4.44,walking
39.5,3.77,13.0,8.86,16.5,6.65,walking
36.0,8.34,16.75,3.03,18.0,3.0,walking
30.0,5.2,16.75,2.05,16.0,4.58,walking
35.0,7.65,14.0,0.82,16.0,4.42,walking
35.75,6.02,18.25,3.27,15.5,2.06,walking
30.75,5.12,18.0,4.74,17.5,2.29,walking
39.5,3.35,14.25,1.3,18.75,1.92,walking
33.5,4.97,14.0,1.73,21.0,5.2,walking
25.25,4.71,11.33,5.25,11.67,3.86,walking
35.0,7.11,8.25,6.3,15.0,3.32,walking
38.0,4.06,14.0,4.85,20.5,1.5,walking
35.25,1.3,16.5,4.97,21.75,1.92,walking
37.67,3.4,14.75,1.64,17.33,1.7,walking
36.75,6.06,15.0,4.12,15.0,2.12,walking
28.0,3.56,13.0,1.87,19.0,7.07,walking
31.25,4.02,17.5,3.91,12.25,2.95,walking
40.25,4.02,14.5,0.87,15.0,3.54,walking
36.0,0.82,12.0,5.72,17.25,3.9,walking
35.75,2.49,13.5,3.35,13.67,8.34,walking
39.25,7.85,16.0,3.32,15.0,5.79,walking
26.75,4.92,14.75,2.28,18.5,4.5,walking
27.25,3.27,11.75,6.26,19.25,4.26,walking
35.5,4.15,13.75,2.77,6.75,3.9,walking
36.75,1.3,12.67,2.62,15.25,6.61,walking
35.5,1.5,18.5,4.5,22.67,1.89,walking
34.33,4.19,16.5,1.66,15.67,3.4,walking
32.25,2.86,12.5,2.29,16.25,3.27,walking
27.5,3.04,12.75,2.49,20.75,5.07,walking
39.75,4.44,11.0,5.15,18.25,4.32,walking
40.33,1.25,18.33,1.25,15.75,3.34,walking
37.25,2.86,20.5,1.5,17.0,3.67,walking
36.75,1.3,12.25,5.07,16.75,2.49,walking
30.0,3.0,11.33,8.18,16.67,7.72,walking
27.5,3.64,18.75,3.9,17.0,5.15,walking
35.0,6.12,17.75,4.26,16.25,2.49,walking
37.5,4.5,15.0,2.83,15.5,2.06,walking
34.0,1.73,17.75,1.79,13.5,2.69,walking
37.25,5.07,18.5,2.29,17.75,0.43,walking
34.75,7.15,14.25,5.4,18.0,3.81,walking
25.33,3.4,11.33,2.49,20.0,1.58,walking
35.0,5.74,13.5,4.72,18.0,2.74,walking
38.33,6.94,18.0,2.45,14.0,2.0,walking
28.0,3.56,16.0,6.75,15.0,2.45,walking
30.25,6.02,12.75,1.92,13.75,5.4,walking
38.0,5.1,15.0,0.0,23.25,1.48,walking
23.25,9.28,16.0,5.24,16.25,5.07,walking
27.33,6.94,13.67,1.25,19.75,2.49,walking
36.0,2.45,20.67,2.36,20.25,1.3,walking
33.5,3.57,20.25,1.3,17.5,4.39,walking
33.5,4.5,17.75,2.68,18.0,1.41,walking
39.0,4.74,19.67,0.94,19.0,2.74,walking
19.5,8.9,15.0,2.55,12.0,8.86,walking
26.5,7.4,13.75,5.07,21.0,3.54,walking
40.0,6.44,17.25,8.26,14.75,6.61,walking
38.0,0.71,13.33,4.64,12.0,0.82,walking
37.5,1.5,16.25,6.02,11.75,4.6,walking
42.33,2.87,16.5,4.39,16.67,3.3,walking
30.25,2.05,13.0,5.43,20.0,3.67,walking
26.25,9.68,20.33,2.36,24.0,2.45,walking
34.25,8.58,17.75,2.28,17.25,3.96,walking
39.67,2.62,17.0,1.63,16.75,3.11,walking
35.75,1.79,19.25,2.77,16.25,5.07,walking
35.75,4.44,12.75,3.49,14.67,5.25,walking
42.25,4.92,14.0,3.74,19.67,1.7,walking
32.75,3.7,17.0,3.94,13.0,4.85,walking
26.5,2.6,21.75,1.3,9.5,1.5,walking
40.67,6.18,18.25,4.32,14.67,6.02,walking
36.75,1.3,14.0,2.92,17.75,5.07,walking
36.25,3.63,18.25,3.9,14.33,1.7,walking
42.33,3.3,15.33,2.49,14.25,6.61,walking
29.67,3.4,16.33,1.25,13.5,2.96,walking
27.5,1.66,12.25,6.5,15.0,3.0,walking
30.5,2.6,15.75,3.9,17.0,4.36,walking
36.75,0.83,12.0,2.55,10.25,5.36,walking
34.25,2.38,15.75,1.3,10.5,6.69,walking
38.75,3.42,13.5,2.69,16.5,4.5,walking
33.5,7.26,11.5,3.64,16.0,2.35,walking
28.25,4.26,20.75,2.05,16.75,2.86,walking
27.0,6.4,17.0,5.05,14.75,1.79,walking
35.5,4.27,15.67,4.78,17.0,1.41,walking
30.75,2.49,18.5,4.15,18.0,1.41,walking
36.0,2.94,16.25,1.3,16.67,3.09,walking
37.4,6.15,10.25,5.31,14.6,4.32,walking
34.67,1.25,18.0,1.87,9.33,6.02,walking
